Name,Sex.sightings,Date.Sighting,Season,Body.Temp.C,Location,Catch.date,Catch.Sex,SVL,Weight.g.,Lat,Long,ConspecificDensity,NumOverlap50,kdarea,density50
Abu,Female,21/10/2021,12,0,BBabs,20/12/2021,Female,NA,NA,-27.46173333,153.01725,0.011864407,11,590,0.018644068
Aloha,Female,3/11/2021,12,0,Rforest,20/12/2021,Female,NA,NA,-27.462,153.0169667,0.013289037,4,301,0.013289037
Alvy,Male,22/12/2021,12,39.4,Spec,14/12/2021,Male,NA,NA,-27.46295,153.0194167,0.03507014,33,998,0.033066132
Alvy,Male,29/10/2021,12,73,Spec,14/12/2021,Male,NA,NA,-27.46288333,153.0192333,0.03507014,33,998,0.033066132
Ariel,Female,29/10/2021,12,0,Lake,16/09/2021,Female,200,400,-27.46273333,153.0183167,0.086720867,43,369,0.116531165
Ariel,Female,29/10/2021,12,0,Lake,14/12/2021,Female,NA,NA,-27.46273333,153.0183167,0.086720867,43,369,0.116531165
Arrow,Male,29/10/2021,12,0,Spec,14/09/2021,Male,222,600,-27.46276667,153.01885,0.04601227,70,652,0.107361963
Arrow,Male,14/10/2021,12,0,Spec,14/09/2021,Male,222,600,-27.46278333,153.0188833,0.04601227,70,652,0.107361963
Arrow,Male,29/10/2021,12,0,Spec,14/12/2021,Male,NA,NA,-27.46276667,153.01885,0.04601227,70,652,0.107361963
Arrow,Male,14/10/2021,12,0,Spec,14/12/2021,Male,NA,NA,-27.46278333,153.0188833,0.04601227,70,652,0.107361963
Asgard,Female,29/10/2021,12,0,Lake,20/12/2021,Female,128,NA,-27.46245,153.018,0.087048832,45,471,0.095541401
Babybel,Female,18/02/2022,12,0,Arid,NA,NA,NA,NA,-27.46206667,153.0185167,0.025157233,8,318,0.025157233
Barbara,Male,29/10/2021,12,0,Lake,NA,NA,NA,NA,-27.46256667,153.0181167,0.04028021,44,1142,0.038528897
Basky,Female,18/02/2022,12,0,Spec,NA,NA,NA,NA,-27.46241667,153.0188833,0.038647343,17,414,0.041062802
Basky,Female,13/10/2021,12,0,Spec,NA,NA,NA,NA,-27.46246667,153.0187333,0.038647343,17,414,0.041062802
Bazinga,Female,21/10/2021,12,0,Lake,17/09/2021,Female,164,160,-27.46236667,153.0178333,0.054054054,32,407,0.078624079
Bazinga,Female,6/10/2021,12,0,Lake,17/09/2021,Female,164,160,-27.46236667,153.01785,0.054054054,32,407,0.078624079
Bazinga,Female,21/10/2021,12,0,Lake,20/09/2021,Female,179,150,-27.46236667,153.0178333,0.054054054,32,407,0.078624079
Bazinga,Female,6/10/2021,12,0,Lake,20/09/2021,Female,179,150,-27.46236667,153.01785,0.054054054,32,407,0.078624079
Bazinga,Female,21/10/2021,12,0,Lake,17/12/2021,Female,NA,NA,-27.46236667,153.0178333,0.054054054,32,407,0.078624079
Bazinga,Female,6/10/2021,12,0,Lake,17/12/2021,Female,NA,NA,-27.46236667,153.01785,0.054054054,32,407,0.078624079
Beetroot,Female,21/10/2021,12,0,Rforest,NA,NA,NA,NA,-27.4621,153.0173833,0.027303754,14,293,0.04778157
Beetroot,Female,15/10/2021,12,15.7,Rforest,NA,NA,NA,NA,-27.46203333,153.01735,0.027303754,14,293,0.04778157
Boursin,Female,27/10/2021,12,716,BBabs,16/12/2021,Female,NA,NA,-27.46193333,153.01765,0.029126214,14,309,0.045307443
Callie,Female,11/03/2022,12,0,Spec,14/09/2021,Female,213,390,-27.46275,153.0190333,0.078034682,39,346,0.112716763
Callie,Female,29/10/2021,12,0,Spec,14/09/2021,Female,213,390,-27.4628,153.0189333,0.078034682,39,346,0.112716763
Callie,Female,11/03/2022,12,0,Spec,14/12/2021,Female,NA,NA,-27.46275,153.0190333,0.078034682,39,346,0.112716763
Callie,Female,29/10/2021,12,0,Spec,14/12/2021,Female,NA,NA,-27.4628,153.0189333,0.078034682,39,346,0.112716763
Chenille,Male,21/12/2021,12,38.9,Lake,16/09/2021,Male,263,850,-27.46255,153.018,0.055478502,50,721,0.069348128
Chenille,Male,21/10/2021,12,0,Arid,16/09/2021,Male,263,850,-27.46236667,153.0180667,0.055478502,50,721,0.069348128
Chenille,Male,21/12/2021,12,38.9,Lake,20/12/2021,Male,NA,NA,-27.46255,153.018,0.055478502,50,721,0.069348128
Chenille,Male,21/10/2021,12,0,Arid,20/12/2021,Male,NA,NA,-27.46236667,153.0180667,0.055478502,50,721,0.069348128
Christmas,Female,29/10/2021,12,0,Arid,20/09/2021,Female,191,340,-27.46248333,153.0183167,0.008746356,52,686,0.075801749
Christmas,Female,29/10/2021,12,0,Arid,17/12/2021,Female,NA,NA,-27.46248333,153.0183167,0.008746356,52,686,0.075801749
Ciri,Female,27/10/2021,12,746,Lake,NA,NA,NA,NA,-27.46243333,153.018,0.09561753,23,250,0.092
CocoPops,Male,12/10/2021,12,15.6,Spec,14/12/2021,Male,NA,NA,-27.46268333,153.0194,0.028636884,25,873,0.028636884
CocoPops,Male,6/09/2021,12,0,Pground,14/12/2021,Male,NA,NA,-27.46258333,153.0196667,0.028636884,25,873,0.028636884
Copepod,Female,29/10/2021,12,0,Arid,16/12/2021,Female,NA,NA,-27.46191667,153.0185,0.026490066,8,302,0.026490066
Cozmo,Male,26/07/2022,12,10.9,Spec,15/09/2021,Male,252,605,-27.46283333,153.0191833,0.056155508,59,463,0.127429806
Cozmo,Male,26/07/2022,12,10.9,Spec,17/12/2021,Male,NA,NA,-27.46283333,153.0191833,0.056155508,59,463,0.127429806
Craggy,Female,12/10/2021,12,0,Rforest,NA,NA,NA,NA,-27.46196667,153.0172833,0.022964509,26,479,0.054279749
Crampton,Male,15/10/2021,12,0,Pground,NA,NA,NA,NA,-27.46203333,153.0190333,0.014224751,17,703,0.024182077
Crochet,Female,21/10/2021,12,0,Spec,17/12/2021,Female,NA,NA,-27.46323333,153.0193667,0.030023095,28,433,0.064665127
Crochet,Female,15/10/2021,12,0,Spec,17/12/2021,Female,NA,NA,-27.46321667,153.0192333,0.030023095,28,433,0.064665127
Croissant,Female,22/09/2021,12,0,Lake,NA,NA,NA,NA,-27.46245,153.018,0.052238806,24,402,0.059701493
Custard,Female,31/08/2021,12,15.1,Rforest,NA,NA,NA,NA,-27.46225,153.0168833,0.015384615,7,390,0.017948718
Darius,Male,6/10/2021,12,41.8,Spec,15/09/2021,Male,243,720,-27.46325,153.01925,0.038897893,27,617,0.04376013
Darius,Male,6/10/2021,12,41.8,Spec,15/12/2021,Male,NA,NA,-27.46325,153.01925,0.038897893,27,617,0.04376013
Deacon,Male,27/10/2021,12,773,Spec,20/09/2021,Male,233,670,-27.46288333,153.0191833,0.057026477,30,491,0.061099796
Deacon,Male,27/10/2021,12,773,Spec,20/12/2021,Male,NA,NA,-27.46288333,153.0191833,0.057026477,30,491,0.061099796
Dinoso,Male,27/10/2021,12,751,Spec,17/09/2021,Male,266,755,-27.46251667,153.01885,0.036734694,43,490,0.087755102
Dinoso,Male,21/10/2021,12,0,Spec,17/09/2021,Male,266,755,-27.46251667,153.0188667,0.036734694,43,490,0.087755102
Dinoso,Male,27/10/2021,12,751,Spec,17/12/2021,Male,NA,NA,-27.46251667,153.01885,0.036734694,43,490,0.087755102
Dinoso,Male,21/10/2021,12,0,Spec,17/12/2021,Male,NA,NA,-27.46251667,153.0188667,0.036734694,43,490,0.087755102
Dodie,Female,22/10/2021,12,0,Lake,20/12/2021,Female,NA,NA,-27.4626,153.0181167,0.107407407,28,270,0.103703704
Eliana,Female,12/10/2021,12,749,Lake,20/09/2021,Female,173,220,-27.46248333,153.01755,0.043604651,18,344,0.052325581
Eliana,Female,12/10/2021,12,749,Lake,16/12/2021,Female,NA,NA,-27.46248333,153.01755,0.043604651,18,344,0.052325581
End,Male,26/07/2022,12,17,Spec,13/09/2021,Male,270,685,-27.46283333,153.0191833,0.048879837,39,491,0.079429735
End,Male,11/01/2022,12,40.2,Spec,13/09/2021,Male,270,685,-27.4629,153.0194167,0.048879837,39,491,0.079429735
End,Male,13/10/2021,12,0,Spec,13/09/2021,Male,270,685,-27.4629,153.0194333,0.048879837,39,491,0.079429735
Falbala,Female,27/10/2021,12,0,Spec,17/12/2021,Female,NA,NA,-27.46248333,153.0187833,0.040963855,31,415,0.074698795
Finn,Male,29/10/2021,12,0,Rforest,20/09/2021,Male,242,776,-27.4622,153.0174667,0.055825243,26,412,0.063106796
Finn,Male,29/10/2021,12,0,Rforest,15/12/2021,Male,NA,NA,-27.4622,153.0174667,0.055825243,26,412,0.063106796
Fitza,Female,21/10/2021,12,0,Spec,NA,NA,NA,NA,-27.46303333,153.0194833,0.029126214,24,412,0.058252427
Fitza,Female,21/10/2021,12,0,Spec,NA,NA,NA,NA,-27.46301667,153.01945,0.029126214,24,412,0.058252427
Flea,Male,13/10/2021,12,14.6,Lake,16/09/2021,Male,231,620,-27.46268333,153.0182167,0.086956522,30,345,0.086956522
Flea,Male,6/09/2021,12,0,Lake,16/09/2021,Male,231,620,-27.46266667,153.01805,0.086956522,30,345,0.086956522
Flea,Male,31/08/2021,12,14.2,Lake,16/09/2021,Male,231,620,-27.46271667,153.01815,0.086956522,30,345,0.086956522
Flea,Male,13/10/2021,12,14.6,Lake,14/12/2021,Male,NA,NA,-27.46268333,153.0182167,0.086956522,30,345,0.086956522
Flea,Male,6/09/2021,12,0,Lake,14/12/2021,Male,NA,NA,-27.46266667,153.01805,0.086956522,30,345,0.086956522
Flea,Male,31/08/2021,12,14.2,Lake,14/12/2021,Male,NA,NA,-27.46271667,153.01815,0.086956522,30,345,0.086956522
Furrow,Male,15/10/2021,12,0,Rforest,16/09/2021,Male,236,560,-27.46243333,153.0171,0.025278059,26,989,0.026289181
Furrow,Male,15/10/2021,12,0,Rforest,16/12/2021,Male,NA,NA,-27.46243333,153.0171,0.025278059,26,989,0.026289181
Fuzz,Female,29/10/2021,12,0,Spec,15/12/2021,Female,NA,NA,-27.46291667,153.0192167,0.081433225,26,307,0.084690554
Georgina,Female,6/09/2021,12,0,Rforest,17/09/2021,Female,145,160,-27.4622,153.0174667,0.064724919,24,309,0.077669903
Georgina,Female,6/09/2021,12,0,Rforest,17/09/2021,Female,145,160,-27.46235,153.01725,0.064724919,24,309,0.077669903
Georgina,Female,6/09/2021,12,0,Rforest,15/12/2021,Female,NA,NA,-27.4622,153.0174667,0.064724919,24,309,0.077669903
Georgina,Female,6/09/2021,12,0,Rforest,15/12/2021,Female,NA,NA,-27.46235,153.01725,0.064724919,24,309,0.077669903
Gina,Female,3/11/2021,12,0,Lake,NA,NA,NA,NA,-27.46265,153.01815,0.107266436,38,289,0.131487889
Gizmo,Male,31/08/2021,12,12.7,Rforest,17/09/2021,Male,185,200,-27.46203333,153.01725,0.020155039,21,645,0.03255814
Glordarina,Female,15/10/2021,12,0,Lake,14/12/2021,Female,NA,NA,-27.46241667,153.0179667,0.071672355,26,293,0.088737201
Glordarina,Female,13/10/2021,12,16.6,Lake,14/12/2021,Female,NA,NA,-27.46241667,153.0179833,0.071672355,26,293,0.088737201
Goanna,Female,29/10/2021,12,0,Spec,17/12/2021,Female,158,160,-27.4627,153.0190333,0.088888889,27,270,0.1
Grogu,Male,13/06/2022,12,12,Lake,NA,NA,NA,NA,-27.4624,153.0174333,0.062295082,20,305,0.06557377
Harpy,Female,22/10/2021,12,0,Pground,NA,NA,NA,NA,-27.46195,153.0187833,0.010752688,5,465,0.010752688
Hercules,Male,31/08/2021,12,13.3,Rforest,16/09/2021,Male,228,690,-27.462,153.0173,0.021015762,19,571,0.033274956
Hercules,Male,31/08/2021,12,13.3,Rforest,16/12/2021,Male,NA,NA,-27.462,153.0173,0.021015762,19,571,0.033274956
Jackfruit,Female,29/10/2021,12,0,Spec,15/12/2021,Female,155,180,-27.4628,153.01895,0.041278296,43,751,0.057256991
Jackfruit,Female,29/10/2021,12,0,Spec,15/12/2021,Female,155,180,-27.463,153.0189833,0.041278296,43,751,0.057256991
Jackfruit,Female,21/10/2021,12,0,Spec,15/12/2021,Female,155,180,-27.46268333,153.0189333,0.041278296,43,751,0.057256991
Jany,Female,3/11/2021,12,0,Spec,NA,NA,NA,NA,-27.4625,153.0189833,0.032142857,39,560,0.069642857
Juanita,Female,31/08/2021,12,0,Spec,NA,NA,NA,NA,-27.46326667,153.0192333,0.035714286,33,364,0.090659341
Julien,Female,3/11/2021,12,0,Rforest,17/09/2021,Female,175,270,-27.46231667,153.0175,0.06185567,19,291,0.065292096
Julien,Female,27/10/2021,12,0,Rforest,17/09/2021,Female,175,270,-27.46226667,153.0174667,0.06185567,19,291,0.065292096
Julien,Female,6/09/2021,12,0,Rforest,17/09/2021,Female,175,270,-27.46231667,153.0174833,0.06185567,19,291,0.065292096
Jumpy,Male,11/01/2022,12,41.8,Lake,NA,NA,NA,NA,-27.46268333,153.0180333,0.083511777,47,467,0.100642398
Kapiti,Female,8/09/2021,12,0,Spec,15/09/2021,Female,203,225,-27.46268333,153.0187,0.068100358,22,279,0.078853047
Kapiti,Female,6/09/2021,12,0,Spec,15/09/2021,Female,203,225,-27.4627,153.0187667,0.068100358,22,279,0.078853047
Kapiti,Female,8/09/2021,12,0,Spec,16/12/2021,Female,NA,NA,-27.46268333,153.0187,0.068100358,22,279,0.078853047
Kapiti,Female,6/09/2021,12,0,Spec,16/12/2021,Female,NA,NA,-27.4627,153.0187667,0.068100358,22,279,0.078853047
Klarrisa,Female,27/10/2021,12,744,Arid,17/12/2021,Female,NA,NA,-27.4624,153.0181667,0.06614786,11,257,0.042801556
Kylo,Male,21/10/2021,12,0,Lake,NA,NA,NA,NA,-27.46278333,153.0185167,0.047984645,28,521,0.053742802
Lockheed,Male,15/10/2021,12,0,Lake,20/12/2021,Male,139,100,-27.46235,153.0179667,0.045540797,46,527,0.087286528
Luigi,Male,27/10/2021,12,0,Lake,20/09/2021,Male,239,750,-27.46231667,153.0178167,0.046341463,32,410,0.07804878
Luigi,Male,27/10/2021,12,0,Lake,14/12/2021,Male,NA,NA,-27.46231667,153.0178167,0.046341463,32,410,0.07804878
Lupus,Male,12/10/2021,12,16.2,Spec,16/09/2021,Male,214,620,-27.4626,153.0192333,0.062287656,66,883,0.074745187
Lupus,Male,12/10/2021,12,16.2,Spec,15/12/2021,Male,NA,NA,-27.4626,153.0192333,0.062287656,66,883,0.074745187
Marvel,Male,7/01/2022,12,0,Pground,17/12/2021,Male,169,220,-27.4621,153.019,0.026390198,36,1061,0.033930254
Meteor,Male,29/10/2021,12,0,Spec,17/09/2021,Male,244,740,-27.463,153.0190667,0.035951327,76,1808,0.042035398
Meteor,Male,29/10/2021,12,0,Spec,16/12/2021,Male,NA,NA,-27.463,153.0190667,0.035951327,76,1808,0.042035398
Mika,Male,1/11/2021,12,16.8,Rforest,NA,NA,NA,NA,-27.462283330000002,153.0168833,0.014736842,7,476,0.014705882
Mika,Male,31/08/2021,12,14.8,Rforest,NA,NA,NA,NA,-27.46226667,153.0169167,0.014736842,7,476,0.014705882
Mikado,Male,3/11/2021,12,0,Rforest,20/09/2021,Male,171,220,-27.46233333,153.0172,0.044077135,19,363,0.052341598
Mikado,Male,3/11/2021,12,0,Rforest,15/12/2021,Male,NA,NA,-27.46233333,153.0172,0.044077135,19,363,0.052341598
Mimi,Female,21/10/2021,12,39.4,Pground,16/09/2021,Female,181,260,-27.46268333,153.0195,0.054662379,18,311,0.057877814
Mimi,Female,21/10/2021,12,39.4,Pground,20/12/2021,Female,NA,NA,-27.46268333,153.0195,0.054662379,18,311,0.057877814
Mimi,Female,21/10/2021,12,39.4,Pground,14/12/2021,Female,NA,NA,-27.46268333,153.0195,0.054662379,18,311,0.057877814
Minerva,Female,6/12/2021,12,38.9,Spec,15/09/2021,Female,210,290,-27.46268333,153.0192167,0.064989518,44,477,0.092243187
Minerva,Female,15/10/2021,12,39.4,Spec,15/09/2021,Female,210,290,-27.4628,153.0189667,0.064989518,44,477,0.092243187
Minerva,Female,6/12/2021,12,38.9,Spec,16/12/2021,Female,NA,NA,-27.46268333,153.0192167,0.064989518,44,477,0.092243187
Minerva,Female,15/10/2021,12,39.4,Spec,16/12/2021,Female,NA,NA,-27.4628,153.0189667,0.064989518,44,477,0.092243187
Minion,Female,27/10/2021,12,757,Lake,17/09/2021,Female,173,280,-27.46261667,153.0181667,0.109215017,35,293,0.119453925
Minion,Female,27/10/2021,12,757,Lake,14/12/2021,Female,NA,NA,-27.46261667,153.0181667,0.109215017,35,293,0.119453925
Mistinguette,Female,7/12/2021,12,43.4,Spec,14/12/2021,Female,NA,NA,-27.46328333,153.0192333,0.031695721,32,631,0.050713154
Mistinguette,Female,3/11/2021,12,0,Spec,14/12/2021,Female,NA,NA,-27.46321667,153.0192667,0.031695721,32,631,0.050713154
Monserrat,Female,3/11/2021,12,0,Spec,15/12/2021,Female,NA,NA,-27.46325,153.0192167,0.034734918,49,547,0.089579525
Nikki,Female,3/11/2021,12,0,Spec,NA,NA,NA,NA,-27.46268333,153.0187333,0.061688312,31,308,0.100649351
Nugget,Female,27/10/2021,12,751,Lake,20/12/2021,Female,NA,NA,-27.46251667,153.0181,0.098939929,35,283,0.123674912
Nugget,Female,13/10/2021,12,0,Lake,20/12/2021,Female,NA,NA,-27.46258333,153.01815,0.098939929,35,283,0.123674912
Okapie,Female,6/10/2021,12,0,Lake,NA,NA,NA,NA,-27.4622,153.0174,0.070921986,20,282,0.070921986
Ooshie,Female,14/10/2021,12,0,Lake,14/12/2021,Female,NA,NA,-27.4625,153.0180667,0.090909091,37,264,0.140151515
Ooshie,Female,13/10/2021,12,0,Lake,14/12/2021,Female,NA,NA,-27.46246667,153.0180167,0.090909091,37,264,0.140151515
Orange,Male,31/08/2021,12,15,Lake,17/09/2021,Male,235,630,-27.46221667,153.0174333,0.016460905,24,486,0.049382716
Orange,Male,31/08/2021,12,15,Lake,15/12/2021,Male,NA,NA,-27.46221667,153.0174333,0.016460905,24,486,0.049382716
Panchito,Male,6/10/2021,12,0,Spec,15/12/2021,Male,NA,NA,-27.46265,153.0185833,0.027431421,22,401,0.054862843
Pandanus,Female,18/02/2022,12,0,Lake,14/09/2021,Female,176,260,-27.46271667,153.01815,0.108303249,30,277,0.108303249
Pandanus,Female,18/02/2022,12,0,Lake,14/12/2021,Female,NA,NA,-27.46271667,153.01815,0.108303249,30,277,0.108303249
Papaye,Female,3/11/2021,12,0,Spec,17/12/2021,Female,145,NA,-27.46271667,153.0190333,0.062189055,34,402,0.084577114
Papaye,Female,27/10/2021,12,765,Spec,17/12/2021,Female,145,NA,-27.46275,153.0190833,0.062189055,34,402,0.084577114
Papaye,Female,15/10/2021,12,0,Spec,17/12/2021,Female,145,NA,-27.46266667,153.01915,0.062189055,34,402,0.084577114
Pear,Female,11/01/2022,12,39.3,Spec,17/12/2021,Female,NA,NA,-27.46268333,153.01875,0.068181818,30,308,0.097402597
Pear,Female,22/10/2021,12,0,Spec,17/12/2021,Female,NA,NA,-27.4627,153.0185833,0.068181818,30,308,0.097402597
Pecorino,Male,13/10/2021,12,0,Spec,20/09/2021,Male,190,240,-27.46268333,153.0185833,0.081455806,49,577,0.08492201
Pippa,Female,29/10/2021,12,0,Spec,17/12/2021,Female,NA,NA,-27.46288333,153.0188833,0.08984375,25,256,0.09765625
Pippa,Female,21/10/2021,12,0,Spec,17/12/2021,Female,NA,NA,-27.46283333,153.0188833,0.08984375,25,256,0.09765625
Pixie,Female,13/10/2021,12,0,Spec,16/12/2021,Female,NA,NA,-27.46271667,153.0191167,0.058139535,31,344,0.090116279
Posidonia,Female,15/10/2021,12,0,Spec,20/09/2021,Female,175,275,-27.46268333,153.0190167,0.072847682,23,302,0.07615894
Posidonia,Female,12/10/2021,12,0,Spec,20/09/2021,Female,175,275,-27.4628,153.0189,0.072847682,23,302,0.07615894
Posidonia,Female,15/10/2021,12,0,Spec,17/12/2021,Female,NA,NA,-27.46268333,153.0190167,0.072847682,23,302,0.07615894
Posidonia,Female,12/10/2021,12,0,Spec,17/12/2021,Female,NA,NA,-27.4628,153.0189,0.072847682,23,302,0.07615894
Quad,Male,31/08/2021,12,17,Spec,13/09/2021,Male,255,650,-27.46285,153.0191833,0.063876652,40,454,0.088105727
Quad,Male,31/08/2021,12,17,Spec,15/12/2021,Male,NA,NA,-27.46285,153.0191833,0.063876652,40,454,0.088105727
Reptincel,Female,29/10/2021,12,0,Spec,15/12/2021,Female,NA,NA,-27.46298333,153.01925,0.056521739,32,460,0.069565217
Salshot,Female,6/10/2021,12,743,Lake,NA,NA,NA,NA,-27.46238333,153.0174833,0.046875,16,320,0.05
Sammy,Male,22/10/2021,12,0,Spec,13/09/2021,Male,235,480,-27.46296667,153.0190167,0.046698873,39,621,0.062801932
Sandwich,Female,6/10/2021,12,0,Lake,17/09/2021,Female,144,NA,-27.46263333,153.01825,0.105095541,38,314,0.121019108
Sandwich,Female,6/10/2021,12,0,Lake,20/12/2021,Female,NA,NA,-27.46263333,153.01825,0.105095541,38,314,0.121019108
Sansa,Female,6/10/2021,12,0,Lake,20/09/2021,Female,191,260,-27.46271667,153.0183333,0.083333333,36,372,0.096774194
Sansa,Female,6/10/2021,12,0,Lake,14/12/2021,Female,NA,NA,-27.46271667,153.0183333,0.083333333,36,372,0.096774194
Sarabi,Female,22/10/2021,12,0,Arid,NA,NA,NA,NA,-27.4624,153.01815,0.066561014,49,631,0.077654517
Sardine,Female,3/11/2021,12,0,Rforest,16/12/2021,Female,190,310,-27.46238333,153.0175,0.037128713,20,404,0.04950495
Sardine,Female,22/10/2021,12,0,Rforest,16/12/2021,Female,190,310,-27.46236667,153.0174667,0.037128713,20,404,0.04950495
Sardine,Female,6/10/2021,12,0,Lake,16/12/2021,Female,190,310,-27.46246667,153.0175167,0.037128713,20,404,0.04950495
Scoobydoo,Male,3/11/2021,12,0,BBabs,16/12/2021,Male,NA,NA,-27.46193333,153.0176667,0.026634383,12,413,0.02905569
Shuri,Female,11/03/2022,12,0,Pground,16/12/2021,Female,165,180,-27.46276667,153.0198,0.031531532,29,444,0.065315315
Shuri,Female,6/09/2021,12,0,Spec,16/12/2021,Female,165,180,-27.46298333,153.0195667,0.031531532,29,444,0.065315315
Skyler,Female,13/10/2021,12,0,Arid,20/12/2021,Female,NA,NA,-27.46241667,153.0180833,0.081168831,25,309,0.080906149
Sneezy,Male,13/10/2021,12,15.9,Spec,17/12/2021,Male,NA,NA,-27.4627,153.0194,0.020547945,27,730,0.036986301
Soleil,Female,6/10/2021,12,0,Lake,20/09/2021,Female,173,240,-27.4627,153.0182333,0.092592593,30,270,0.111111111
Soleil,Female,8/09/2021,12,0,Lake,20/09/2021,Female,173,240,-27.46276667,153.0183,0.092592593,30,270,0.111111111
Solstice,Female,22/12/2021,12,38.8,Arid,NA,NA,NA,NA,-27.46203333,153.0184333,0.025236593,12,317,0.03785489
Solstice,Female,3/11/2021,12,0,Arid,NA,NA,NA,NA,-27.46203333,153.0184333,0.025236593,12,317,0.03785489
Solstice,Female,29/10/2021,12,0,Arid,NA,NA,NA,NA,-27.46198333,153.0184333,0.025236593,12,317,0.03785489
Sprinkles,Male,15/10/2021,12,0,Spec,13/09/2021,Male,170,180,-27.46286667,153.01915,0.037965072,81,1317,0.061503417
Sprinkles,Male,14/10/2021,12,0,Spec,13/09/2021,Male,170,180,-27.46301667,153.01945,0.037965072,81,1317,0.061503417
Sprinkles,Male,15/10/2021,12,0,Spec,14/12/2021,Male,NA,NA,-27.46286667,153.01915,0.037965072,81,1317,0.061503417
Sprinkles,Male,14/10/2021,12,0,Spec,14/12/2021,Male,NA,NA,-27.46301667,153.01945,0.037965072,81,1317,0.061503417
Stacey,Female,22/10/2021,12,0,Lake,20/09/2021,Female,175,295,-27.46265,153.0182,0.117857143,34,280,0.121428571
Stacey,Female,15/10/2021,12,756,Lake,20/09/2021,Female,175,295,-27.4626,153.01815,0.117857143,34,280,0.121428571
Stacey,Female,15/10/2021,12,0,Lake,20/09/2021,Female,175,295,-27.46268333,153.0182167,0.117857143,34,280,0.121428571
Stacey,Female,6/10/2021,12,0,Lake,20/09/2021,Female,175,295,-27.46256667,153.0180833,0.117857143,34,280,0.121428571
Stacey,Female,22/10/2021,12,0,Lake,14/12/2021,Female,NA,NA,-27.46265,153.0182,0.117857143,34,280,0.121428571
Stacey,Female,15/10/2021,12,756,Lake,14/12/2021,Female,NA,NA,-27.4626,153.01815,0.117857143,34,280,0.121428571
Stacey,Female,15/10/2021,12,0,Lake,14/12/2021,Female,NA,NA,-27.46268333,153.0182167,0.117857143,34,280,0.121428571
Stacey,Female,6/10/2021,12,0,Lake,14/12/2021,Female,NA,NA,-27.46256667,153.0180833,0.117857143,34,280,0.121428571
Taddy,Female,15/10/2021,12,0,Lake,20/09/2021,Female,151,180,-27.46276667,153.0183333,0.096085409,35,281,0.12455516
Taddy,Female,15/10/2021,12,0,Lake,14/12/2021,Female,NA,NA,-27.46276667,153.0183333,0.096085409,35,281,0.12455516
Teatree,Male,26/07/2022,12,17,Spec,13/09/2021,Male,255,747,-27.4629,153.01955,0.042226488,35,521,0.067178503
Teatree,Male,13/06/2022,12,15.3,Spec,13/09/2021,Male,255,747,-27.4627,153.01935,0.042226488,35,521,0.067178503
Teatree,Male,27/05/2022,12,16.8,Spec,13/09/2021,Male,255,747,-27.46266667,153.0192333,0.042226488,35,521,0.067178503
Teatree,Male,6/09/2021,12,15,Spec,13/09/2021,Male,255,747,-27.46276667,153.0194167,0.042226488,35,521,0.067178503
Teatree,Male,26/07/2022,12,17,Spec,16/12/2021,Male,NA,NA,-27.4629,153.01955,0.042226488,35,521,0.067178503
Teatree,Male,13/06/2022,12,15.3,Spec,16/12/2021,Male,NA,NA,-27.4627,153.01935,0.042226488,35,521,0.067178503
Teatree,Male,27/05/2022,12,16.8,Spec,16/12/2021,Male,NA,NA,-27.46266667,153.0192333,0.042226488,35,521,0.067178503
Teatree,Male,6/09/2021,12,15,Spec,16/12/2021,Male,NA,NA,-27.46276667,153.0194167,0.042226488,35,521,0.067178503
Thorette,Female,27/10/2021,12,738,Rforest,15/12/2021,Female,NA,NA,-27.4623,153.0174,0.069204152,26,289,0.089965398
Thorette,Female,8/09/2021,12,0,Rforest,15/12/2021,Female,NA,NA,-27.46226667,153.0175,0.069204152,26,289,0.089965398
Tiger,Male,13/10/2021,12,0,BBabs,16/12/2021,Male,NA,NA,-27.46218333,153.0178667,0.007968127,12,502,0.023904382
Tinly,Male,31/08/2021,12,15.7,Spec,15/12/2021,Male,NA,NA,-27.46296667,153.01905,0.021516393,52,976,0.053278689
Tinly,Male,31/08/2021,12,15.7,Spec,14/09/2021,Male,NA,580,-27.46296667,153.01905,0.021516393,52,976,0.053278689
Tizem,Male,27/10/2021,12,740,Rforest,15/12/2021,Male,NA,NA,-27.46233333,153.0173833,0.035661218,24,673,0.035661218
Tizem,Male,6/09/2021,12,0,Rforest,15/12/2021,Male,NA,NA,-27.46238333,153.0175667,0.035661218,24,673,0.035661218
Uhura,Female,21/10/2021,12,0,Lake,NA,NA,NA,NA,-27.46263333,153.01815,0.099667774,35,301,0.11627907
Valkyrie,Female,18/02/2022,12,0,Lake,17/12/2021,Female,150,160,-27.46275,153.0182667,0.1,38,310,0.122580645
Wanda,Female,21/10/2021,12,0,Pground,20/12/2021,Female,168,165,-27.46223333,153.0187667,0.02,12,550,0.021818182
Wendy,Female,15/10/2021,12,765,Lake,20/09/2021,Female,201,300,-27.46275,153.0182833,0.088737201,38,293,0.129692833
Wendy,Female,13/10/2021,12,0,Lake,20/09/2021,Female,201,300,-27.46273333,153.0183333,0.088737201,38,293,0.129692833
Wendy,Female,13/10/2021,12,767,Lake,20/09/2021,Female,201,300,-27.46278333,153.0182833,0.088737201,38,293,0.129692833
Wendy,Female,15/10/2021,12,765,Lake,17/12/2021,Female,NA,NA,-27.46275,153.0182833,0.088737201,38,293,0.129692833
Wendy,Female,13/10/2021,12,0,Lake,17/12/2021,Female,NA,NA,-27.46273333,153.0183333,0.088737201,38,293,0.129692833
Wendy,Female,13/10/2021,12,767,Lake,17/12/2021,Female,NA,NA,-27.46278333,153.0182833,0.088737201,38,293,0.129692833
Woombat,Female,31/08/2021,12,16.3,Spec,15/09/2021,Female,192,310,-27.46273333,153.0191333,0.051150895,24,391,0.061381074
Woombat,Female,31/08/2021,12,16.3,Spec,16/12/2021,Female,NA,NA,-27.46273333,153.0191333,0.051150895,24,391,0.061381074
Yenna,Female,21/10/2021,12,0,BBabs,NA,NA,NA,NA,-27.46201667,153.01765,0.031884058,11,345,0.031884058
Zedd,Female,13/10/2021,12,17,Lake,20/09/2021,Female,197,440,-27.46246667,153.0180167,0.084805654,30,283,0.106007067
Zedd,Female,12/10/2021,12,16.3,Lake,20/09/2021,Female,197,440,-27.46243333,153.01805,0.084805654,30,283,0.106007067
Zedd,Female,13/10/2021,12,17,Lake,14/12/2021,Female,NA,NA,-27.46246667,153.0180167,0.084805654,30,283,0.106007067
Zedd,Female,12/10/2021,12,16.3,Lake,14/12/2021,Female,NA,NA,-27.46243333,153.01805,0.084805654,30,283,0.106007067
Zog,Female,1/02/2022,12,39.6,Spec,13/09/2021,Female,145,100,-27.46275,153.01945,0.057926829,19,328,0.057926829
Zog,Female,1/02/2022,12,39.6,Spec,14/12/2021,Female,NA,NA,-27.46275,153.01945,0.057926829,19,328,0.057926829
Abuela,Female,2/03/2016,6,42,Spec,NA,NA,NA,NA,-27.46268333,153.01895,0.060693642,25,346,0.072254335
Africa,Male,15/04/2016,6,17.8,BBabs,NA,NA,NA,NA,-27.46195,153.0192,0.013483146,8,445,0.017977528
Albert,Male,17/02/2016,6,44.7,Spec,NA,NA,NA,NA,-27.46256667,153.0190667,0.043478261,48,460,0.104347826
Albert,Male,15/02/2016,6,42.6,Spec,NA,NA,NA,NA,-27.46253333,153.0190333,0.043478261,48,460,0.104347826
Alexis,Female,19/02/2016,6,44.2,Spec,NA,NA,NA,NA,-27.4625,153.0187833,0.037900875,26,343,0.075801749
Alexis,Female,17/02/2016,6,43.9,Spec,NA,NA,NA,NA,-27.4625,153.0188833,0.037900875,26,343,0.075801749
Apricot,Female,17/02/2016,6,41,Spec,NA,NA,NA,NA,-27.46285,153.0193333,0.026431718,33,908,0.036343612
Apricot,Female,24/11/2015,6,311,Spec,NA,NA,NA,NA,-27.46315,153.0194,0.026431718,33,908,0.036343612
Arnold,Male,19/02/2016,6,41.9,Spec,NA,NA,NA,NA,-27.46276667,153.0192333,0.046712803,37,578,0.064013841
Barron,Male,8/03/2016,6,41.9,Spec,NA,NA,NA,NA,-27.4629,153.0191667,0.034591195,30,636,0.047169811
Barron,Male,8/02/2016,6,40,Spec,NA,NA,NA,NA,-27.46285,153.0192333,0.034591195,30,636,0.047169811
Ben,Male,17/02/2016,6,40.3,Spec,NA,NA,NA,NA,-27.46245,153.0188333,0.027559055,36,508,0.070866142
Bev,Female,15/04/2016,6,17.1,Lake,NA,NA,NA,NA,-27.46251667,153.01805,0.02166065,6,277,0.02166065
Blab,Female,17/02/2016,6,41.4,Spec,NA,NA,NA,NA,-27.46245,153.0188333,0.029925187,29,401,0.072319202
Blab,Female,15/02/2016,6,45.5,Spec,NA,NA,NA,NA,-27.46251667,153.0187833,0.029925187,29,401,0.072319202
Cesc,Male,25/02/2016,6,40.2,Lake,NA,NA,NA,NA,-27.46221667,153.0174333,0.02739726,30,511,0.058708415
Coke,Male,15/04/2016,6,20.3,Lake,NA,NA,NA,NA,-27.46226667,153.0172833,0.040462428,13,346,0.037572254
Cole,Male,15/04/2016,6,19.1,Spec,NA,NA,NA,NA,-27.4632,153.01915,0.03515625,26,512,0.05078125
Cole,Male,15/02/2016,6,43.8,Spec,NA,NA,NA,NA,-27.46313333,153.01915,0.03515625,26,512,0.05078125
Consuela,Female,25/02/2016,6,40.3,Lake,NA,NA,NA,NA,-27.46221667,153.0174333,0.041522491,13,288,0.045138889
Coriander,Female,29/02/2016,6,41.8,Spec,NA,NA,NA,NA,-27.46296667,153.0190667,0.064788732,30,355,0.084507042
Coriander,Female,24/02/2016,6,40.8,Spec,NA,NA,NA,NA,-27.46293333,153.0192,0.064788732,30,355,0.084507042
Coriander,Female,19/02/2016,6,40.3,Spec,NA,NA,NA,NA,-27.46301667,153.0192333,0.064788732,30,355,0.084507042
Coriander,Female,17/02/2016,6,40,Spec,NA,NA,NA,NA,-27.46295,153.0192167,0.064788732,30,355,0.084507042
Dan,Male,15/04/2016,6,17,Spec,NA,NA,NA,NA,-27.46268333,153.0192,0.038229376,29,497,0.058350101
Dan,Male,29/02/2016,6,40.3,Spec,NA,NA,NA,NA,-27.4627,153.0192333,0.038229376,29,497,0.058350101
Dan,Male,19/02/2016,6,41.1,Spec,NA,NA,NA,NA,-27.4627,153.0192,0.038229376,29,497,0.058350101
Dan,Male,18/02/2016,6,40,Spec,NA,NA,NA,NA,-27.4627,153.0192333,0.038229376,29,497,0.058350101
Dan,Male,17/02/2016,6,41.3,Spec,NA,NA,NA,NA,-27.46273333,153.0192,0.038229376,29,497,0.058350101
Diva,Female,15/04/2016,6,17.3,Lake,NA,NA,NA,NA,-27.46253333,153.0180667,0.021818182,28,275,0.101818182
Erin,Female,24/02/2016,6,40.9,Spec,NA,NA,NA,NA,-27.46286667,153.0195667,0.021645022,25,462,0.054112554
Erin,Female,17/02/2016,6,41.6,Spec,NA,NA,NA,NA,-27.4629,153.0195167,0.021645022,25,462,0.054112554
Esme,Female,24/02/2016,6,40.1,Spec,NA,NA,NA,NA,-27.463,153.0192333,0.047945205,29,584,0.049657534
Frank,Male,4/12/2015,6,18.5,Rforest,NA,NA,NA,NA,-27.46231667,153.0170333,0.016157989,9,557,0.016157989
Gretel,Female,19/02/2016,6,40.4,Spec,NA,NA,NA,NA,-27.46241667,153.0187667,0.025974026,20,308,0.064935065
Hakuna,Female,29/02/2016,6,41.8,Spec,NA,NA,NA,NA,-27.46273333,153.01905,0.064150943,16,265,0.060377358
Hakuna,Female,25/02/2016,6,41.5,Spec,NA,NA,NA,NA,-27.4627,153.01905,0.064150943,16,265,0.060377358
Hippo,Male,19/02/2016,6,42.4,Spec,NA,NA,NA,NA,-27.463,153.0190667,0.063829787,45,329,0.136778116
Horis,Female,29/02/2016,6,44,BBabs,NA,NA,NA,NA,-27.46196667,153.0177167,0.013888889,15,360,0.041666667
Jason,Male,2/03/2016,6,46,Spec,NA,NA,NA,NA,-27.46281667,153.0193333,0.032223983,61,1892,0.032241015
Karin,Female,25/02/2016,6,40.2,Lake,NA,NA,NA,NA,-27.46266667,153.0181667,0.031746032,10,315,0.031746032
Kiara,Female,29/02/2016,6,42.9,Spec,NA,NA,NA,NA,-27.46283333,153.0194167,0.021653543,30,508,0.059055118
Manny,Male,30/03/2016,6,3.5,Spec,NA,NA,NA,NA,-27.46271667,153.0190333,0.052795031,21,322,0.065217391
Michal,Female,17/02/2016,6,40.7,Spec,NA,NA,NA,NA,-27.4629,153.0195167,0.019157088,18,522,0.034482759
Michal,Female,12/11/2015,6,3.9,Spec,NA,NA,NA,NA,-27.46268333,153.0195333,0.019157088,18,522,0.034482759
Minnie,Female,18/03/2016,6,54.3,Spec,NA,NA,NA,NA,-27.46293333,153.0192167,0.069069069,31,333,0.093093093
Minnie,Female,15/02/2016,6,41.2,Spec,NA,NA,NA,NA,-27.46285,153.0195333,0.069069069,31,333,0.093093093
Minnie,Female,9/02/2016,6,42.2,Spec,NA,NA,NA,NA,-27.46293333,153.0191667,0.069069069,31,333,0.093093093
Mowgli,Male,29/02/2016,6,43.3,Spec,22/09/2015,Male,NA,NA,-27.46283333,153.0194167,0.018154312,28,661,0.042360061
Mowgli,Male,17/02/2016,6,45.2,Spec,22/09/2015,Male,NA,NA,-27.46285,153.0192667,0.018154312,28,661,0.042360061
Mowgli,Male,28/10/2015,6,20.3,Spec,22/09/2015,Male,NA,NA,-27.46283333,153.0193167,0.018154312,28,661,0.042360061
Muffin,Female,15/03/2016,6,274,Spec,NA,NA,NA,NA,-27.46296667,153.019,0.06884058,27,276,0.097826087
Muffin,Female,17/02/2016,6,40,Spec,NA,NA,NA,NA,-27.46298333,153.01905,0.06884058,27,276,0.097826087
Muffin,Female,15/02/2016,6,43.4,Spec,NA,NA,NA,NA,-27.46296667,153.019,0.06884058,27,276,0.097826087
Nigella,Female,1/03/2016,6,17.8,Spec,NA,NA,NA,NA,-27.4632,153.01915,0.03539823,34,339,0.100294985
Ocean,Female,25/02/2016,6,41.8,Lake,NA,NA,NA,NA,-27.46221667,153.0174333,0.026,16,500,0.032
Ocean,Female,24/02/2016,6,17.3,Rforest,NA,NA,NA,NA,-27.46211667,153.0173333,0.026,16,500,0.032
Paqueratte,Female,9/02/2016,6,40,BBabs,NA,NA,NA,NA,-27.46178333,153.0173333,0.007117438,4,281,0.014234875
Peaches,Female,15/02/2016,6,42.1,Lake,NA,NA,NA,NA,-27.4623,153.0174,0.043478261,12,299,0.040133779
Peaches,Female,28/10/2015,6,20.3,Spec,NA,NA,NA,NA,-27.46231667,153.0173667,0.043478261,12,299,0.040133779
Peaches,Female,8/10/2015,6,20.2,Lake,NA,NA,NA,NA,-27.46236667,153.0174333,0.043478261,12,299,0.040133779
Pistatxo,Male,2/03/2016,6,42.8,Spec,NA,NA,NA,NA,-27.46268333,153.01895,0.069767442,32,344,0.093023256
Pistatxo,Male,29/02/2016,6,42.6,Spec,NA,NA,NA,NA,-27.46268333,153.0189167,0.069767442,32,344,0.093023256
Pixie,Female,17/02/2016,6,41.3,Spec,NA,NA,NA,NA,-27.46273333,153.0192,0.037664783,26,531,0.048964218
Porridge,Male,11/04/2016,6,8.4,Spec,NA,NA,NA,NA,-27.46283333,153.0192333,0.046242775,46,519,0.088631985
Porridge,Male,2/03/2016,6,45.5,Spec,NA,NA,NA,NA,-27.46286667,153.01925,0.046242775,46,519,0.088631985
Porridge,Male,1/03/2016,6,41.7,Spec,NA,NA,NA,NA,-27.46285,153.0192333,0.046242775,46,519,0.088631985
Quad,Male,15/02/2016,6,41,Spec,NA,NA,NA,NA,-27.46311667,153.0195167,0.025682183,33,623,0.052969502
Rain,Female,1/10/2015,6,0,Spec,NA,NA,NA,NA,-27.46268333,153.0190833,0.039215686,33,459,0.071895425
Ripper,Male,1/04/2016,6,20.2,Spec,NA,NA,NA,NA,-27.46263333,153.0193333,0.015075377,17,995,0.017085427
Ripper,Male,10/03/2016,6,3402,Spec,NA,NA,NA,NA,-27.46255,153.0191833,0.015075377,17,995,0.017085427
Rooty,Male,15/02/2016,6,41.3,Lake,NA,NA,NA,NA,-27.46223333,153.0173833,0.027548209,14,363,0.038567493
Sandy,Female,18/02/2016,6,40.5,Spec,NA,NA,NA,NA,-27.46268333,153.0189333,0.08681672,27,311,0.08681672
Sandy,Female,17/02/2016,6,41.3,Spec,NA,NA,NA,NA,-27.46265,153.0189333,0.08681672,27,311,0.08681672
Sansa,Female,15/04/2016,6,16.2,Lake,NA,NA,NA,NA,-27.46273333,153.0181667,0.02295082,8,305,0.026229508
Sansa,Female,4/03/2016,6,2439,Lake,NA,NA,NA,NA,-27.4626,153.01815,0.02295082,8,305,0.026229508
Seb,Male,17/02/2016,6,41.1,Spec,NA,NA,NA,NA,-27.46306667,153.019,0.034090909,38,703,0.054054054
Tim,Male,1/03/2016,6,43.5,Spec,NA,NA,NA,NA,-27.46288333,153.0192333,0.029449424,47,781,0.060179257
Tim,Male,19/02/2016,6,42.6,Spec,NA,NA,NA,NA,-27.46288333,153.0192833,0.029449424,47,781,0.060179257
Violet,Female,17/02/2016,6,41,Spec,NA,NA,NA,NA,-27.46311667,153.0194167,0.050847458,26,472,0.055084746
Winnie,Female,15/04/2016,6,16.1,Spec,NA,NA,NA,NA,-27.46268333,153.0192,0.040767386,41,417,0.098321343
Winnie,Female,29/02/2016,6,41.3,Spec,NA,NA,NA,NA,-27.4627,153.0192167,0.040767386,41,417,0.098321343
Zeus,Male,19/02/2016,6,20,Rforest,NA,NA,NA,NA,-27.46223333,153.0171667,0.029569892,18,372,0.048387097
Abuela,Female,17/01/2017,7,41.1,Spec,8/12/2016,Female,182,260,-27.46266667,153.019,0.064285714,44,420,0.104761905
Africa,Male,24/08/2016,7,19,BBabs,13/12/2016,Male,270,850,-27.46193333,153.0175167,0.032098765,14,406,0.034482759
Albus,Male,12/04/2017,7,18.2,Pground,29/11/2016,Male,183,320,-27.46255,153.0195,0.034229829,13,409,0.031784841
Alexis,Female,24/08/2016,7,18.8,Spec,1/12/2016,Female,193,290,-27.46248333,153.01875,0.041916168,36,334,0.107784431
Arnold,Male,5/04/2017,7,18.3,Spec,6/12/2016,Male,252,750,-27.46278333,153.01925,0.073226545,58,437,0.132723112
Arnold,Male,23/01/2017,7,41.1,Spec,6/12/2016,Male,252,750,-27.46285,153.0191833,0.073226545,58,437,0.132723112
Arnold,Male,5/04/2017,7,18.3,Spec,29/11/2016,Male,266,750,-27.46278333,153.01925,0.073226545,58,437,0.132723112
Arnold,Male,23/01/2017,7,41.1,Spec,29/11/2016,Male,266,750,-27.46285,153.0191833,0.073226545,58,437,0.132723112
Barron,Male,24/04/2017,7,40.8,Spec,29/11/2016,Male,289,900,-27.46283333,153.0192167,0.050167224,53,598,0.088628763
Barron,Male,4/04/2017,7,17.4,Spec,29/11/2016,Male,289,900,-27.46283333,153.0192,0.050167224,53,598,0.088628763
Barron,Male,17/08/2016,7,14,Spec,29/11/2016,Male,289,900,-27.46288333,153.0192333,0.050167224,53,598,0.088628763
Beans,Female,26/04/2017,7,18.5,Rforest,NA,NA,NA,NA,-27.46203333,153.0172167,0.022113022,16,407,0.039312039
Beans,Female,20/04/2017,7,16.9,Rforest,NA,NA,NA,NA,-27.46203333,153.01725,0.022113022,16,407,0.039312039
Bev,Female,26/04/2017,7,16.3,Lake,8/12/2016,Female,196,350,-27.46248333,153.0180833,0.037414966,16,294,0.054421769
Bev,Female,20/04/2017,7,15.5,Lake,8/12/2016,Female,196,350,-27.4625,153.0180333,0.037414966,16,294,0.054421769
Bev,Female,22/03/2017,7,19.3,Lake,8/12/2016,Female,196,350,-27.46248333,153.0180167,0.037414966,16,294,0.054421769
Buddy,Male,20/04/2017,7,16.6,Spec,1/12/2016,Male,273,950,-27.46268333,153.0186167,0.072607261,26,303,0.085808581
Buddy,Male,21/09/2016,7,18.8,Spec,1/12/2016,Male,273,950,-27.4627,153.01875,0.072607261,26,303,0.085808581
Buddy,Male,21/09/2016,7,16.7,Spec,1/12/2016,Male,273,950,-27.46271667,153.01875,0.072607261,26,303,0.085808581
Buzz,Male,18/04/2017,7,40.1,Spec,6/12/2016,Male,178,250,-27.46255,153.0190833,0.047091413,36,722,0.049861496
Chocolate,Male,20/04/2017,7,15.5,Lake,8/12/2016,Male,163,220,-27.46245,153.0180667,0.034920635,12,315,0.038095238
Clarke,Female,26/04/2017,7,18.9,Rforest,9/12/2016,Female,173,350,-27.46201667,153.01715,0.024305556,16,288,0.055555556
Clarke,Female,20/04/2017,7,19.3,Rforest,9/12/2016,Female,173,350,-27.46203333,153.0171667,0.024305556,16,288,0.055555556
Clarke,Female,19/04/2017,7,19,Rforest,9/12/2016,Female,173,350,-27.462,153.0171167,0.024305556,16,288,0.055555556
Coke,Male,26/04/2017,7,15.9,Rforest,9/12/2016,Male,241,600,-27.46236667,153.0171833,0.027573529,23,544,0.042279412
Coke,Male,20/04/2017,7,18.6,Lake,9/12/2016,Male,241,600,-27.46236667,153.0172,0.027573529,23,544,0.042279412
Cole,Male,27/04/2017,7,18.6,Spec,9/12/2016,Male,266,900,-27.46291667,153.0192,0.041958042,28,286,0.097902098
Cole,Male,27/09/2016,7,19,Spec,9/12/2016,Male,266,900,-27.46321667,153.0191167,0.041958042,28,286,0.097902098
Consuela,Female,23/05/2017,7,14.5,Rforest,8/12/2016,Female,185,450,-27.46218333,153.0173667,0.034364261,12,291,0.041237113
Dan,Male,12/01/2017,7,41.6,Spec,29/11/2016,Male,253,830,-27.4627,153.0194667,0.068601583,50,379,0.131926121
Dan,Male,27/09/2016,7,16.3,Spec,29/11/2016,Male,253,830,-27.4628,153.0191667,0.068601583,50,379,0.131926121
Dan,Male,21/09/2016,7,16.1,Spec,29/11/2016,Male,253,830,-27.46273333,153.0192333,0.068601583,50,379,0.131926121
Dan,Male,31/08/2016,7,18.6,Spec,29/11/2016,Male,253,830,-27.46268333,153.0192333,0.068601583,50,379,0.131926121
Delilah,Female,21/09/2016,7,16.8,Spec,16/12/2016,Female,220,600,-27.4627,153.01875,0.073578595,33,299,0.110367893
Diva,Female,21/09/2016,7,18.1,Lake,NA,NA,NA,NA,-27.46261667,153.01815,0.042168675,14,332,0.042168675
Dre,Male,27/04/2017,7,15.1,Lake,8/12/2016,Male,257,700,-27.46231667,153.0175,0.020224719,28,445,0.062921348
Dre,Male,27/04/2017,7,16,Lake,8/12/2016,Male,257,700,-27.46236667,153.0174167,0.020224719,28,445,0.062921348
Dre,Male,20/04/2017,7,14.4,Lake,8/12/2016,Male,257,700,-27.46241667,153.0173833,0.020224719,28,445,0.062921348
Dre,Male,7/09/2016,7,18.8,Lake,8/12/2016,Male,257,700,-27.4623,153.0175,0.020224719,28,445,0.062921348
Dre,Male,7/09/2016,7,16.9,Lake,8/12/2016,Male,257,700,-27.46231667,153.01755,0.020224719,28,445,0.062921348
Elowen,Female,18/04/2017,7,43.9,Spec,8/12/2016,Female,191,340,-27.46266667,153.0186667,0.068535826,25,321,0.07788162
Emerald,Female,23/05/2017,7,18.7,Rforest,9/12/2016,Female,180,370,-27.46185,153.0169833,0.004132231,1,242,0.004132231
Emerald,Female,20/04/2017,7,18.7,Rforest,9/12/2016,Female,180,370,-27.46191667,153.0169833,0.004132231,1,242,0.004132231
Emerald,Female,12/04/2017,7,17.1,Rforest,9/12/2016,Female,180,370,-27.46193333,153.0170167,0.004132231,1,242,0.004132231
Emerald,Female,4/04/2017,7,19.2,Rforest,9/12/2016,Female,180,370,-27.46188333,153.017,0.004132231,1,242,0.004132231
Ente,Male,20/04/2017,7,19.3,Spec,1/12/2016,Male,264,850,-27.4625,153.0187667,0.029411765,49,476,0.102941176
Ente,Male,24/08/2016,7,19.2,Spec,1/12/2016,Male,264,850,-27.46273333,153.0187833,0.029411765,49,476,0.102941176
Erin,Female,30/01/2017,7,2707,Spec,29/11/2016,Female,198,395,-27.46285,153.0192333,0.052892562,49,605,0.080991736
Esme,Female,26/04/2017,7,18.8,Spec,29/11/2016,Female,198,370,-27.46298333,153.0192,0.082228117,44,377,0.116710875
Esme,Female,7/09/2016,7,18.2,Spec,29/11/2016,Female,198,370,-27.4629,153.0191833,0.082228117,44,377,0.116710875
Flea,Male,26/04/2017,7,16.4,Lake,13/12/2016,Male,172,330,-27.46256667,153.0181333,0.049382716,16,324,0.049382716
Frank,Male,19/04/2017,7,19,Rforest,9/12/2016,Male,238,550,-27.46218333,153.0171833,0.021459227,13,466,0.027896996
Frank,Male,12/10/2016,7,15.5,Rforest,9/12/2016,Male,238,550,-27.46216667,153.0170667,0.021459227,13,466,0.027896996
Frank,Male,19/09/2016,7,17,Rforest,9/12/2016,Male,238,550,-27.46225,153.0169167,0.021459227,13,466,0.027896996
Fresh,Female,6/09/2016,7,17.7,Lake,13/12/2016,Female,192,460,-27.46268333,153.0181167,0.046296296,22,324,0.067901235
Gaga,Male,27/04/2017,7,18.7,Rforest,9/12/2016,Male,258,700,-27.46201667,153.0172333,0.033519553,12,358,0.033519553
Gaga,Male,20/04/2017,7,18.4,Rforest,9/12/2016,Male,258,700,-27.46213333,153.0172333,0.033519553,12,358,0.033519553
Gaga,Male,4/04/2017,7,16.7,Rforest,9/12/2016,Male,258,700,-27.462,153.0171167,0.033519553,12,358,0.033519553
Gaga,Male,20/02/2017,7,19.2,Rforest,9/12/2016,Male,258,700,-27.46193333,153.0171167,0.033519553,12,358,0.033519553
Galaxy,Female,12/04/2017,7,17.5,Spec,29/11/2016,Female,177,190,-27.46286667,153.01895,0.080882353,34,408,0.083333333
Hercules,Male,21/09/2016,7,18,Lake,8/12/2016,Male,224,520,-27.46231667,153.01725,0.022187005,15,631,0.023771791
Hercules,Male,7/09/2016,7,12.5,Lake,8/12/2016,Male,224,520,-27.46226667,153.0173,0.022187005,15,631,0.023771791
Hippo,Male,21/09/2016,7,19.1,Spec,6/12/2016,Male,258,910,-27.46296667,153.01905,0.092948718,48,312,0.153846154
Hippo,Male,17/08/2016,7,17.9,Spec,6/12/2016,Male,258,910,-27.46298333,153.0190667,0.092948718,48,312,0.153846154
Horis,Female,26/04/2017,7,18.6,BBabs,NA,NA,NA,NA,-27.46193333,153.0175167,0.028795812,14,382,0.036649215
Horis,Female,4/04/2017,7,18.6,BBabs,NA,NA,NA,NA,-27.46191667,153.0174333,0.028795812,14,382,0.036649215
Humphrey,Male,7/09/2016,7,17.3,Pground,NA,NA,NA,NA,-27.4626,153.0194333,0.03185438,33,878,0.037585421
Jafar,Male,17/10/2016,7,40.4,Spec,29/11/2016,Male,211,460,-27.46321667,153.0194,0.031047865,49,773,0.063389392
Joy,Female,26/04/2017,7,17.3,Rforest,NA,NA,NA,NA,-27.46201667,153.0172333,0.027027027,10,333,0.03003003
Joy,Female,12/04/2017,7,18.3,Rforest,NA,NA,NA,NA,-27.46201667,153.0171667,0.027027027,10,333,0.03003003
Joy,Female,4/04/2017,7,18.5,Rforest,NA,NA,NA,NA,-27.4619,153.0170333,0.027027027,10,333,0.03003003
Juno,Female,21/09/2016,7,18.4,Pground,NA,NA,NA,NA,-27.46261667,153.0194333,0.026785714,20,560,0.035714286
Karin,Female,26/04/2017,7,16,Lake,8/12/2016,Female,210,450,-27.46268333,153.0181333,0.048387097,15,310,0.048387097
Karin,Female,21/09/2016,7,18.3,Lake,8/12/2016,Female,210,450,-27.4627,153.0181167,0.048387097,15,310,0.048387097
Karin,Female,7/09/2016,7,17.1,Lake,8/12/2016,Female,210,450,-27.4627,153.0181167,0.048387097,15,310,0.048387097
Kiah,Female,21/09/2016,7,18,Lake,8/12/2016,Female,189,370,-27.46241667,153.0173167,0.035971223,16,417,0.038369305
Kiarash,Male,27/04/2017,7,14.7,Lake,9/12/2016,Male,260,1000,-27.46275,153.0181833,0.029810298,10,369,0.027100271
Kiarash,Male,20/04/2017,7,17.3,Lake,9/12/2016,Male,260,1000,-27.46268333,153.0180833,0.029810298,10,369,0.027100271
Kiarash,Male,11/04/2017,7,19,Lake,9/12/2016,Male,260,1000,-27.46275,153.0181333,0.029810298,10,369,0.027100271
Kiarash,Male,27/04/2017,7,14.7,Lake,13/12/2016,Male,271,1120,-27.46275,153.0181833,0.029810298,10,369,0.027100271
Kiarash,Male,20/04/2017,7,17.3,Lake,13/12/2016,Male,271,1120,-27.46268333,153.0180833,0.029810298,10,369,0.027100271
Kiarash,Male,11/04/2017,7,19,Lake,13/12/2016,Male,271,1120,-27.46275,153.0181333,0.029810298,10,369,0.027100271
Lagertha,Female,4/04/2017,7,17.2,Spec,NA,NA,NA,NA,-27.46306667,153.01925,0.074712644,25,348,0.07183908
Loretta,Female,27/09/2016,7,19,Spec,NA,NA,NA,NA,-27.46286667,153.01915,0.1,50,310,0.161290323
Luigi,Male,26/04/2017,7,16.3,Lake,8/12/2016,Male,257,860,-27.46263333,153.0180833,0.037296037,18,429,0.041958042
Luigi,Male,20/04/2017,7,15.5,Lake,8/12/2016,Male,257,860,-27.46265,153.0180667,0.037296037,18,429,0.041958042
Luigi,Male,21/09/2016,7,19,Lake,8/12/2016,Male,257,860,-27.46263333,153.01815,0.037296037,18,429,0.041958042
Luigi,Male,7/09/2016,7,16.7,Lake,8/12/2016,Male,257,860,-27.46261667,153.01815,0.037296037,18,429,0.041958042
Luigi,Male,6/09/2016,7,13.9,Lake,8/12/2016,Male,257,860,-27.46258333,153.0179833,0.037296037,18,429,0.041958042
Luigi,Male,31/08/2016,7,15.6,Lake,8/12/2016,Male,257,860,-27.46261667,153.01815,0.037296037,18,429,0.041958042
Magdelaine,Male,21/04/2017,7,353.7,Spec,29/11/2016,Male,201,300,-27.46291667,153.0191833,0.052503053,64,819,0.078144078
Magdelaine,Male,21/04/2017,7,353.7,Spec,6/12/2016,Male,NA,NA,-27.46291667,153.0191833,0.052503053,64,819,0.078144078
Mal,Male,5/04/2017,7,17.4,Spec,1/12/2016,Male,275,790,-27.46271667,153.0186,0.044970414,46,845,0.05443787
Mal,Male,4/04/2017,7,18.3,Spec,1/12/2016,Male,275,790,-27.46268333,153.01865,0.044970414,46,845,0.05443787
Manny,Male,12/12/2016,7,40.6,Spec,1/12/2016,Male,255,810,-27.46268333,153.0190333,0.078212291,45,358,0.125698324
Meaty,Male,12/10/2016,7,19.3,Rforest,13/12/2016,Male,252,800,-27.46213333,153.01725,0.027586207,31,725,0.042758621
Meaty,Male,6/09/2016,7,17.4,Lake,13/12/2016,Male,252,800,-27.4622,153.0174667,0.027586207,31,725,0.042758621
Milu,Male,4/04/2017,7,16.6,Spec,1/12/2016,Male,250,610,-27.46285,153.0189667,0.038669065,50,1112,0.044964029
Minnie,Female,27/09/2016,7,18.7,Spec,6/12/2016,Female,180,240,-27.46296667,153.0192333,0.099688474,46,321,0.143302181
Molly,Female,21/03/2017,7,41.5,Spec,8/12/2016,Female,202,400,-27.46266667,153.01895,0.102990033,35,301,0.11627907
Mowgli,Male,21/09/2016,7,18.1,Spec,NA,NA,NA,NA,-27.46273333,153.0194167,0.029345372,59,1329,0.044394281
Muffin,Female,12/01/2017,7,41.7,Spec,6/12/2016,Female,216,490,-27.46296667,153.0190333,0.088803089,42,259,0.162162162
Oregano,Male,18/04/2017,7,41.5,Arid,15/12/2016,Male,204,470,-27.46211667,153.0184,0.014864865,13,740,0.017567568
Palkana,Female,20/04/2017,7,18,Broms,29/11/2016,Female,208,360,-27.4627,153.0195167,0.03986711,12,301,0.03986711
Palkana,Female,20/04/2017,7,14.1,Broms,29/11/2016,Female,208,360,-27.46268333,153.0194833,0.03986711,12,301,0.03986711
Palkana,Female,19/04/2017,7,18.3,Pground,29/11/2016,Female,208,360,-27.4627,153.0194167,0.03986711,12,301,0.03986711
Palkana,Female,19/04/2017,7,15.7,Pground,29/11/2016,Female,208,360,-27.46268333,153.01945,0.03986711,12,301,0.03986711
Palkana,Female,4/04/2017,7,18.1,Broms,29/11/2016,Female,208,360,-27.46261667,153.0195,0.03986711,12,301,0.03986711
Palkana,Female,7/09/2016,7,19.2,Pground,29/11/2016,Female,208,360,-27.46268333,153.0194167,0.03986711,12,301,0.03986711
Palkana,Female,31/08/2016,7,15.1,Pground,29/11/2016,Female,208,360,-27.46263333,153.0194333,0.03986711,12,301,0.03986711
Paqueratte,Female,13/02/2017,7,300.2,BBabs,13/12/2016,Female,197,470,-27.4618,153.0173167,0.027777778,21,288,0.072916667
Peacan,Female,21/09/2016,7,18.3,Spec,9/12/2016,Female,193,430,-27.4631,153.01905,0.059225513,37,439,0.08428246
Phobos,Female,23/05/2017,7,15.9,Lake,NA,NA,NA,NA,-27.4627,153.0180833,0.030791789,44,682,0.064516129
Piglet,Male,24/08/2016,7,19,Pground,29/11/2016,Male,214,360,-27.4626,153.0194333,0.016516517,35,666,0.052552553
Pistatxo,Male,26/04/2017,7,18.5,Spec,8/12/2016,Male,258,790,-27.46273333,153.01885,0.097402597,38,308,0.123376623
Pistatxo,Male,21/09/2016,7,16.7,Spec,8/12/2016,Male,258,790,-27.4627,153.0187667,0.097402597,38,308,0.123376623
Pixie,Female,12/01/2017,7,42.6,Spec,1/12/2016,Female,205,390,-27.46275,153.0191333,0.074675325,43,308,0.13961039
Pixie,Female,21/09/2016,7,18.1,Spec,1/12/2016,Female,205,390,-27.46285,153.0189333,0.074675325,43,308,0.13961039
Porridge,Male,15/05/2017,7,41.4,Spec,29/11/2016,Male,264,650,-27.46285,153.01915,0.083798883,52,358,0.145251397
Quad,Male,5/04/2017,7,16.8,Spec,6/12/2016,Male,256,750,-27.46293333,153.0191333,0.066202091,43,574,0.074912892
Rafiki,Male,19/08/2016,7,18.4,Spec,29/11/2016,Male,272,860,-27.4628,153.01935,0.026785714,45,784,0.057397959
Rafiki,Male,17/08/2016,7,14.5,Spec,29/11/2016,Male,272,860,-27.46286667,153.0192833,0.026785714,45,784,0.057397959
Rain,Female,21/09/2016,7,18,Spec,1/12/2016,Female,194,340,-27.46285,153.0189333,0.053359684,35,506,0.06916996
Rajah,Male,21/09/2016,7,16.8,Lake,8/12/2016,Male,184,350,-27.46256667,153.0181,0.048048048,22,333,0.066066066
Sawyer,Male,24/04/2017,7,13.9,Rforest,NA,NA,NA,NA,-27.46216667,153.0171333,0.021487603,18,605,0.029752066
Sawyer,Male,5/04/2017,7,18.5,Rforest,NA,NA,NA,NA,-27.46221667,153.0169667,0.021487603,18,605,0.029752066
Sawyer,Male,19/09/2016,7,19.2,Lake,NA,NA,NA,NA,-27.46246667,153.01755,0.021487603,18,605,0.029752066
Scout,Male,20/04/2017,7,17.4,Spec,1/12/2016,Male,262,770,-27.46283333,153.0189,0.079847909,25,263,0.095057034
Scruffy,Male,4/04/2017,7,18.3,Spec,8/12/2016,Male,236,720,-27.46298333,153.0196167,0.04425914,81,1559,0.051956382
Smaug,Male,19/04/2017,7,17.3,Spec,15/12/2016,Male,238,800,-27.46238333,153.0187667,0.028634361,27,454,0.059471366
Spiderman,Male,20/04/2017,7,17.1,Broms,29/11/2016,Male,233,540,-27.46268333,153.0194833,0.031877214,29,847,0.034238489
Spiderman,Male,19/04/2017,7,18.1,Pground,29/11/2016,Male,233,540,-27.46266667,153.0194167,0.031877214,29,847,0.034238489
Spiderman,Male,31/08/2016,7,14.8,Spec,29/11/2016,Male,233,540,-27.46268333,153.0193667,0.031877214,29,847,0.034238489
Strawberry,Female,28/03/2017,7,41.2,BBabs,15/12/2016,Female,162,350,-27.46191667,153.0175,0.04494382,14,267,0.052434457
Sushi,Male,7/03/2017,7,47.5,Spec,1/12/2016,Male,237,500,-27.46268333,153.01865,0.04233871,38,496,0.076612903
Tim,Male,27/09/2016,7,18.2,Spec,29/11/2016,Male,250,660,-27.46283333,153.0192333,0.032751092,42,916,0.045851528
Tobin,Male,13/02/2017,7,311,Lake,9/12/2016,Male,264,950,-27.46236667,153.0174667,0.030944625,23,614,0.037459283
Tobin,Male,7/09/2016,7,17.5,Lake,9/12/2016,Male,264,950,-27.46223333,153.01755,0.030944625,23,614,0.037459283
Violet,Female,26/04/2017,7,19.2,Spec,29/11/2016,Female,217,500,-27.46303333,153.0192167,0.0625,40,528,0.075757576
Violet,Female,27/09/2016,7,18.2,Spec,29/11/2016,Female,217,500,-27.46301667,153.0192333,0.0625,40,528,0.075757576
Violet,Female,7/09/2016,7,19.2,Spec,29/11/2016,Female,217,500,-27.46291667,153.0193,0.0625,40,528,0.075757576
Wildling,Male,27/09/2016,7,17.7,Spec,NA,NA,NA,NA,-27.46285,153.0189,0.079734219,27,301,0.089700997
Wildling,Male,21/09/2016,7,18.2,Spec,NA,NA,NA,NA,-27.46285,153.0189333,0.079734219,27,301,0.089700997
Yoda,Male,16/02/2017,7,62.9,Pground,15/12/2016,Male,202,420,-27.46236667,153.0192,0.029569892,30,372,0.080645161
Yoda,Male,16/02/2017,7,62.9,Pground,29/11/2016,Male,205,410,-27.46236667,153.0192,0.029569892,30,372,0.080645161
Africa,Male,13/10/2017,8,14.3,BBabs,29/03/2018,Male,254,612,-27.46201667,153.0176833,0.013544018,13,443,0.029345372
Bulma,Female,7/12/2017,8,41.9,Spec,26/03/2018,Female,200,248,-27.46306667,153.0192167,0.07788162,31,321,0.096573209
Bulma,Female,20/10/2017,8,42,Spec,26/03/2018,Female,200,248,-27.46316667,153.0192667,0.07788162,31,321,0.096573209
Cinderella,Female,25/09/2017,8,39.8,Arid,NA,NA,NA,NA,-27.4621,153.0183833,0.017331023,14,577,0.024263432
Cozmo,Male,25/09/2017,8,39.7,Spec,NA,NA,NA,NA,-27.4632,153.0191833,0.058823529,41,442,0.092760181
Deacon,Male,28/02/2018,8,40.1,Spec,27/03/2018,Male,172,202,-27.46268333,153.01915,0.091127098,55,417,0.131894484
Dune,Female,9/11/2017,8,14.8,Lake,27/03/2018,Female,195,400,-27.46246667,153.01805,0.041237113,14,291,0.048109966
Elowen,Female,15/02/2018,8,40,Spec,26/03/2018,Female,183,370,-27.46275,153.01865,0.038235294,42,340,0.123529412
Ente,Male,12/12/2017,8,39.8,Spec,NA,NA,NA,NA,-27.46246667,153.0188833,0.06833713,35,439,0.079726651
Ethel,Female,12/12/2017,8,40.1,Spec,29/03/2018,Female,225,444,-27.4627,153.01885,0.134482759,50,290,0.172413793
Galaxy,Female,28/02/2018,8,39.8,Spec,26/03/2018,Female,189,229,-27.46273333,153.0190667,0.16796875,50,256,0.1953125
Galaxy,Female,31/01/2018,8,40.3,Spec,26/03/2018,Female,189,229,-27.46275,153.0190667,0.16796875,50,256,0.1953125
Gretel,Female,19/01/2018,8,39.8,Spec,28/03/2018,Female,211,374,-27.46245,153.0187167,0.061538462,34,325,0.104615385
Gungadin,Male,24/11/2017,8,40.2,Spec,28/03/2018,Male,225,424,-27.46291667,153.0194167,0.043097151,74,1369,0.054054054
Hakuna,Female,1/03/2018,8,40.7,Spec,NA,NA,NA,NA,-27.46275,153.0190667,0.166023166,41,259,0.158301158
Judge,Male,31/08/2017,8,45,Lake,NA,NA,NA,NA,-27.46253333,153.0171667,0.013114754,6,305,0.019672131
Judy,Female,11/10/2017,8,43.9,BBabs,NA,NA,NA,NA,-27.46198333,153.0176667,0.020905923,7,287,0.024390244
Kiarash,Male,6/09/2017,8,13.4,Lake,NA,NA,NA,NA,-27.4628,153.0181167,0.038781163,16,361,0.04432133
Michal,Female,24/11/2017,8,40.3,Spec,28/03/2018,Female,213,438,-27.46286667,153.0195167,0.060693642,22,346,0.063583815
Molly,Female,31/01/2018,8,39.7,Spec,28/03/2018,Female,209,362,-27.46266667,153.0189167,0.126582278,56,316,0.17721519
Monserrat,Female,12/12/2017,8,44.2,Spec,28/03/2018,Female,184,288,-27.46321667,153.0191667,0.054545455,27,330,0.081818182
Muffin,Female,25/09/2017,8,40.6,Spec,NA,NA,NA,NA,-27.46295,153.01905,0.074675325,21,308,0.068181818
Ocean,Female,31/08/2017,8,14.7,Rforest,28/03/2018,Female,193,322,-27.46225,153.0173333,0.064220183,30,327,0.091743119
Parsley,Female,24/11/2017,8,41.1,Spec,28/03/2018,Female,190,250,-27.46296667,153.0194333,0.064220183,30,327,0.091743119
Peacan,Female,7/12/2017,8,42.9,Spec,27/03/2018,Female,206,320,-27.46303333,153.0190333,0.067692308,38,325,0.116923077
Pijamas,Male,16/11/2017,8,40.6,Spec,26/03/2018,Male,256,540,-27.4627,153.0190333,0.071084337,68,830,0.081927711
Pistatxo,Male,27/10/2017,8,43,Spec,NA,NA,NA,NA,-27.46273333,153.0190167,0.103370787,48,445,0.107865169
Rafiki,Male,7/02/2018,8,62.7,Pground,29/03/2018,Male,262,1016,-27.4626,153.0196,0.045390071,34,705,0.04822695
Rafiki,Male,7/02/2018,8,62.7,Pground,26/03/2018,Male,263,954,-27.4626,153.0196,0.045390071,34,705,0.04822695
Rain,Female,7/12/2017,8,40.5,Spec,26/03/2018,Female,194,396,-27.46275,153.01895,0.118644068,52,295,0.176271186
Rooty,Male,31/08/2017,8,13.5,Rforest,NA,NA,NA,NA,-27.46205,153.0173833,0.030120482,16,332,0.048192771
Scruffy,Male,13/12/2017,8,40.2,Spec,28/03/2018,Male,247,646,-27.46326667,153.0193667,0.048543689,30,515,0.058252427
Sneezy,Male,20/09/2017,8,12.8,Arid,26/03/2018,Male,225,458,-27.46236667,153.0192833,0.037037037,22,540,0.040740741
Spears,Female,14/03/2018,8,39.8,Pground,NA,NA,NA,NA,-27.46271667,153.0194667,0.036281179,27,441,0.06122449
Spiderman,Male,27/10/2017,8,40.2,Spec,NA,NA,NA,NA,-27.46258333,153.0192167,0.049615653,61,1431,0.042627533
Strawberry,Female,31/01/2018,8,39.7,BBabs,NA,NA,NA,NA,-27.4619,153.0174667,0.023346304,6,257,0.023346304
Winnie,Female,28/11/2017,8,39.9,Spec,26/03/2018,Female,210,380,-27.46271667,153.0191333,0.101010101,69,396,0.174242424
Batholomew,Male,27/09/2018,9,17.4,Rforest,16/11/2018,Male,265,638,-27.46218333,153.01695,0.018003273,17,611,0.027823241
Droplet,Female,30/08/2018,9,17.2,Rforest,13/11/2018,Female,169,190,-27.46225,153.01695,0.01971831,10,355,0.028169014
Evi,Female,21/11/2018,9,40,Spec,12/11/2018,Female,205,298,-27.46288333,153.0195667,0.076666667,31,300,0.103333333
Evi,Female,21/09/2018,9,17.1,Spec,12/11/2018,Female,205,298,-27.46286667,153.0195,0.076666667,31,300,0.103333333
Fedora,Female,6/12/2018,9,40.2,Rforest,NA,NA,NA,NA,-27.46223333,153.0167,0.016025641,18,312,0.057692308
Gaga,Male,24/09/2018,9,16.9,Rforest,NA,NA,NA,NA,-27.46206667,153.01725,0.061576355,26,406,0.064039409
Gaga,Male,20/09/2018,9,17.4,Rforest,NA,NA,NA,NA,-27.46215,153.0172333,0.061576355,26,406,0.064039409
Gaga,Male,30/08/2018,9,15.1,Rforest,NA,NA,NA,NA,-27.46196667,153.0172167,0.061576355,26,406,0.064039409
Galaxy,Female,24/09/2018,9,17.6,Spec,15/11/2018,Female,194,158,-27.46283333,153.0191333,0.12202381,66,336,0.196428571
Gordon,Male,26/02/2019,9,17.2,Pground,13/11/2018,Male,244,480,-27.46241667,153.0192667,0.030368764,56,922,0.060737527
Hakuna,Female,24/09/2018,9,17.6,Spec,15/11/2018,Female,202,204,-27.46266667,153.0190167,0.15234375,38,256,0.1484375
Hakuna,Female,24/09/2018,9,17.6,Spec,26/04/2019,Female,205,254,-27.46266667,153.0190167,0.15234375,38,256,0.1484375
Hippo,Male,21/01/2019,9,40.7,Spec,14/11/2018,Male,258,886,-27.46293333,153.01905,0.090909091,31,286,0.108391608
Jafar,Male,12/01/2019,9,42.3,Spec,26/04/2019,Male,255,686,-27.46296667,153.0193167,0.05,54,620,0.087096774
Jafar,Male,12/01/2019,9,42.3,Spec,12/11/2018,Male,264,624,-27.46296667,153.0193167,0.05,54,620,0.087096774
Llum,Female,26/11/2018,9,40.4,Spec,14/11/2018,Female,213,334,-27.463,153.01905,0.088122605,27,261,0.103448276
Lucario,Male,28/11/2018,9,39.9,Spec,15/11/2018,Male,205,124,-27.46285,153.0191833,0.078374456,60,689,0.087082729
Luigi,Male,24/09/2018,9,17.7,Lake,18/11/2018,Male,260,764,-27.46241667,153.0179833,0.037848606,22,502,0.043824701
Pear,Female,22/01/2019,9,40.2,Spec,15/11/2018,Female,232,420,-27.46266667,153.0187333,0.045936396,11,283,0.038869258
Pineapple,Female,21/11/2018,9,39.9,Spec,12/11/2018,Female,160,136,-27.46285,153.0189833,0.049614112,57,907,0.062844542
Pixie,Female,25/10/2018,9,39.9,Spec,14/11/2018,Female,202,318,-27.46275,153.0192167,0.108843537,50,294,0.170068027
Rain,Female,25/01/2019,9,40.2,Spec,14/11/2018,Female,208,320,-27.46265,153.01895,0.094339623,53,371,0.142857143
Rain,Female,7/11/2018,9,39.9,Spec,14/11/2018,Female,208,320,-27.46266667,153.0189333,0.094339623,53,371,0.142857143
Sardine,Female,24/01/2019,9,40.7,Lake,17/11/2018,Female,187,104,-27.4623,153.0175167,0.072607261,20,303,0.066006601
Spyro,Female,6/12/2018,9,39.9,Spec,NA,NA,NA,NA,-27.46243333,153.0188,0.049450549,22,364,0.06043956
Sunflower,Female,25/01/2019,9,39.9,Pground,NA,NA,NA,NA,-27.46263333,153.0194167,0.043774319,45,1028,0.043774319
Sunflower,Female,19/09/2018,9,17.1,Spec,NA,NA,NA,NA,-27.46275,153.0192,0.043774319,45,1028,0.043774319
Thing,Female,3/10/2018,9,17.8,Lake,13/11/2018,Female,196,238,-27.46271667,153.0181,0.059800664,18,301,0.059800664
Tyler,Male,11/01/2019,9,42.6,Rforest,13/11/2018,Male,264,NA,-27.46213333,153.0174,0.062360802,32,449,0.071269488
Alvy,Male,22/11/2019,10,41.3,Spec,20/02/2020,Male,249,690,-27.46316667,153.0192167,0.041720991,39,767,0.050847458
Arrow,Male,31/10/2019,10,39.7,Spec,NA,NA,NA,NA,-27.46283333,153.0195167,0.043209877,84,1458,0.057613169
Bruixa,Female,16/11/2019,10,41.1,Lake,5/03/2020,Female,201,176,-27.46246667,153.0179667,0.044368601,16,293,0.054607509
Bulma,Female,4/10/2019,10,40.3,Spec,20/02/2020,Female,198,290,-27.46318333,153.0192167,0.06940874,40,389,0.102827763
Bushrat,Female,17/11/2019,10,40.2,Spec,NA,NA,NA,NA,-27.4627,153.0190333,0.078838174,48,482,0.099585062
Callie,Female,6/12/2019,10,40.1,Spec,20/02/2020,Female,200,330,-27.4626,153.01905,0.129963899,40,277,0.144404332
Chaak,Male,20/01/2020,10,41.4,Pground,5/03/2020,Male,233,322,-27.462,153.0188333,0.014040562,15,641,0.023400936
Chenille,Male,4/10/2019,10,41.6,Arid,NA,NA,NA,NA,-27.46236667,153.0182167,0.015643803,18,831,0.02166065
Copepod,Female,26/11/2019,10,42.1,Arid,NA,NA,NA,NA,-27.462,153.0187333,0.020833333,9,384,0.0234375
Coralie,Female,16/10/2019,10,40.8,Spec,NA,NA,NA,NA,-27.46286667,153.0194833,0.068027211,28,294,0.095238095
Crab,Female,10/10/2019,10,19.1,Rforest,17/03/2020,Female,166,144,-27.46173333,153.0168333,0.009881423,9,506,0.017786561
Craggy,Female,10/10/2019,10,19.1,Rforest,17/03/2020,Female,194,174,-27.46213333,153.0173167,0.034013605,33,441,0.074829932
Crystal,Female,16/10/2019,10,42,BBabs,NA,NA,NA,NA,-27.46201667,153.01765,0.046357616,20,302,0.066225166
Dan,Male,23/09/2019,10,39.8,Spec,6/03/2020,Male,262,394,-27.46266667,153.0190833,0.106312292,38,301,0.126245847
Delilah,Female,17/11/2019,10,39.7,Spec,NA,NA,NA,NA,-27.46273333,153.01875,0.053459119,31,318,0.097484277
Delilah,Female,29/10/2019,10,40.4,Spec,NA,NA,NA,NA,-27.46266667,153.01865,0.053459119,31,318,0.097484277
Drogo,Male,3/09/2019,10,39.6,Arid,NA,NA,NA,NA,-27.4625,153.0183167,0.023468057,43,1534,0.028031291
Elowen,Female,29/10/2019,10,41.5,Spec,6/03/2020,Female,201,220,-27.46265,153.0187,0.04494382,14,267,0.052434457
Elowen,Female,16/09/2019,10,39.8,Spec,6/03/2020,Female,201,220,-27.46265,153.0187,0.04494382,14,267,0.052434457
End,Male,23/09/2019,10,40.9,Spec,19/02/2020,Male,251,678,-27.46265,153.01905,0.057361377,80,1046,0.076481836
Ethel,Female,16/09/2019,10,19.4,Spec,NA,NA,NA,NA,-27.46255,153.0189333,0.065384615,55,520,0.105769231
Ethel,Female,19/08/2019,10,18,Spec,NA,NA,NA,NA,-27.46286667,153.0189167,0.065384615,55,520,0.105769231
Fils,Male,10/10/2019,10,18.7,Spec,6/03/2020,Male,245,316,-27.46275,153.0192,0.098591549,40,355,0.112676056
Fils,Male,29/09/2019,10,39.6,Spec,6/03/2020,Male,245,316,-27.46276667,153.0191,0.098591549,40,355,0.112676056
Grey,Female,8/10/2019,10,41.4,Spec,5/03/2020,Female,186,288,-27.46288333,153.01915,0.072016461,53,486,0.109053498
Hazza,Male,3/09/2019,10,39.6,Spec,19/02/2020,Male,258,764,-27.4627,153.0187,0.040185471,64,647,0.098918083
Hippo,Male,6/12/2019,10,39.7,Spec,19/02/2020,Male,NA,866,-27.46298333,153.0190667,0.083636364,38,275,0.138181818
Joker,Male,19/08/2019,10,17.1,Spec,NA,NA,NA,NA,-27.46285,153.01905,0.042692939,54,609,0.088669951
Kaa,Female,16/11/2019,10,42.8,BBabs,NA,NA,NA,NA,-27.46185,153.0174333,0.048951049,20,286,0.06993007
Lili,Female,6/12/2019,10,40.6,BBabs,NA,NA,NA,NA,-27.46191667,153.0174833,0.045016077,20,311,0.064308682
Little,Female,3/09/2019,10,14.9,Rforest,NA,NA,NA,NA,-27.46223333,153.0171667,0.024242424,13,495,0.026262626
Llum,Female,8/11/2019,10,41.4,Spec,NA,NA,NA,NA,-27.46288333,153.0189667,0.061093248,38,311,0.122186495
Marian,Female,12/12/2019,10,39.8,BBabs,NA,NA,NA,NA,-27.46206667,153.01785,0.038560411,15,389,0.038560411
Mystery,Female,18/12/2019,10,42.4,Rforest,17/03/2020,Female,194,216,-27.46213333,153.01735,0.071005917,23,338,0.068047337
Nikki,Female,16/02/2020,10,39.9,Spec,NA,NA,NA,NA,-27.46258333,153.0188167,0.046875,24,384,0.0625
Nikki,Female,4/10/2019,10,40.3,Spec,NA,NA,NA,NA,-27.46268333,153.0187167,0.046875,24,384,0.0625
Pandanus,Female,19/08/2019,10,15.8,Lake,NA,NA,NA,NA,-27.46268333,153.0181,0.058577406,14,239,0.058577406
Pear,Female,23/09/2019,10,39.8,Spec,NA,NA,NA,NA,-27.4627,153.0187333,0.040677966,20,295,0.06779661
Pesto,Male,17/12/2019,10,40.9,Rforest,NA,NA,NA,NA,-27.46215,153.0166667,0.021594684,20,602,0.033222591
Pikachu,Male,26/11/2019,10,18.5,Spec,NA,NA,NA,NA,-27.46245,153.0189167,0.061185468,41,523,0.078393881
Reptincel,Female,22/11/2019,10,39.7,Spec,NA,NA,NA,NA,-27.46318333,153.0193833,0.050890585,56,786,0.071246819
Reptincel,Female,16/11/2019,10,40,Spec,NA,NA,NA,NA,-27.46305,153.0193167,0.050890585,56,786,0.071246819
Rosabel,Female,29/09/2019,10,40.9,Spec,NA,NA,NA,NA,-27.46266667,153.0189833,0.079439252,47,428,0.109813084
Saturn,Female,25/10/2019,10,39.7,BBabs,NA,NA,NA,NA,-27.46195,153.0175833,0.046594982,14,279,0.050179211
Scoobydoo,Male,17/11/2019,10,39.9,BBabs,NA,NA,NA,NA,-27.46186667,153.0173667,0.035490605,22,479,0.045929019
Trefle,Female,16/11/2019,10,41,BBabs,NA,NA,NA,NA,-27.46191667,153.0177,0.029982363,28,567,0.049382716
Volt,Male,4/10/2019,10,41.8,Spec,5/03/2020,Male,246,560,-27.46318333,153.0192167,0.054101222,32,573,0.055846422
Alvy,Male,4/11/2020,11,0,Spec,28/09/2020,Male,256,760,-27.46318333,153.01925,0.028103044,37,1281,0.028883685
Alvy,Male,4/11/2020,11,0,Spec,15/02/2021,Male,NA,NA,-27.46318333,153.01925,0.028103044,37,1281,0.028883685
Azure,Female,15/10/2020,11,14.8,Rforest,2/10/2020,Female,154,250,-27.462,153.0173167,0.01734104,8,346,0.023121387
Azure,Female,15/10/2020,11,14.8,Rforest,19/02/2021,Female,NA,NA,-27.462,153.0173167,0.01734104,8,346,0.023121387
Barret,Male,20/10/2020,11,17.6,Lake,17/02/2021,Male,NA,NA,-27.46235,153.0176,0.026392962,12,341,0.035190616
Batsy,Male,15/10/2020,11,41,Spec,6/10/2020,Male,244,757,-27.46265,153.0187,0.031055901,50,966,0.051759834
Batsy,Male,15/10/2020,11,41,Spec,15/02/2021,Male,NA,NA,-27.46265,153.0187,0.031055901,50,966,0.051759834
Bruixa,Female,13/10/2020,11,45.8,Lake,7/10/2020,Female,175,325,-27.46248333,153.0180167,0.054474708,14,257,0.054474708
Chenille,Male,15/10/2020,11,39.8,Arid,1/10/2020,Male,264,806,-27.46226667,153.018,0.018207283,23,714,0.032212885
Chenille,Male,15/10/2020,11,39.8,Arid,16/02/2021,Male,NA,NA,-27.46226667,153.018,0.018207283,23,714,0.032212885
Cheyenne,Female,20/10/2020,11,42,Spec,28/09/2020,Female,191,284,-27.46275,153.01895,0.033519553,38,537,0.070763501
Cheyenne,Female,20/10/2020,11,42,Spec,15/02/2021,Female,NA,NA,-27.46275,153.01895,0.033519553,38,537,0.070763501
Chihiro,Female,13/10/2020,11,18,Spec,30/09/2020,Female,189,312,-27.46303333,153.0194333,0.040069686,28,574,0.048780488
Chihiro,Female,25/09/2020,11,40,Spec,30/09/2020,Female,189,312,-27.46293333,153.0192167,0.040069686,28,574,0.048780488
Chihiro,Female,13/10/2020,11,18,Spec,15/02/2021,Female,NA,NA,-27.46303333,153.0194333,0.040069686,28,574,0.048780488
Chihiro,Female,25/09/2020,11,40,Spec,15/02/2021,Female,NA,NA,-27.46293333,153.0192167,0.040069686,28,574,0.048780488
CocoPops,Male,26/05/2021,11,10.5,Spec,7/10/2020,Male,167,213,-27.4627,153.0193833,0.035950804,35,1057,0.033112583
CocoPops,Male,26/05/2021,11,10.5,Spec,16/02/2021,Male,NA,NA,-27.4627,153.0193833,0.035950804,35,1057,0.033112583
Copepod,Female,22/09/2020,11,0,Arid,NA,NA,NA,NA,-27.46193333,153.0184333,0.013114754,4,305,0.013114754
Cotton,Male,8/09/2020,11,17.8,Lake,8/10/2020,Male,221,512,-27.46263333,153.0181333,0.026990553,21,741,0.028340081
Cotton,Male,8/09/2020,11,17.8,Lake,16/02/2021,Male,NA,NA,-27.46263333,153.0181333,0.026990553,21,741,0.028340081
Craggy,Female,13/10/2020,11,14,Rforest,8/10/2020,Female,187,293,-27.46211667,153.0172333,0.01453958,17,619,0.027463651
Crayola,Female,26/05/2021,11,15.1,Rforest,17/02/2021,Female,NA,NA,-27.46208333,153.0173333,0.018416206,13,543,0.023941068
Crumpets,Male,15/10/2020,11,39.7,Pground,1/10/2020,Male,236,656,-27.4624,153.0191833,0.017977528,22,445,0.049438202
Crumpets,Male,15/10/2020,11,39.7,Pground,16/02/2021,Male,NA,NA,-27.4624,153.0191833,0.017977528,22,445,0.049438202
Custard,Female,20/10/2020,11,17,Rforest,6/10/2020,Female,158,210,-27.46226667,153.01685,0.012886598,5,388,0.012886598
Custard,Female,20/10/2020,11,17,Rforest,16/02/2021,Female,NA,NA,-27.46226667,153.01685,0.012886598,5,388,0.012886598
Dan,Male,15/10/2020,11,46.9,Spec,28/09/2020,Male,259,712,-27.46273333,153.0191833,0.078431373,40,306,0.130718954
Dan,Male,8/09/2020,11,18,Spec,28/09/2020,Male,259,712,-27.46266667,153.01925,0.078431373,40,306,0.130718954
Darius,Male,26/05/2021,11,17.3,Spec,28/09/2020,Male,254,744,-27.46303333,153.0192833,0.023051592,27,911,0.029637761
Darius,Male,13/10/2020,11,17.6,Spec,28/09/2020,Male,254,744,-27.46308333,153.0195333,0.023051592,27,911,0.029637761
Darius,Male,26/05/2021,11,17.3,Spec,16/02/2021,Male,NA,NA,-27.46303333,153.0192833,0.023051592,27,911,0.029637761
Darius,Male,13/10/2020,11,17.6,Spec,16/02/2021,Male,NA,NA,-27.46308333,153.0195333,0.023051592,27,911,0.029637761
Delilah,Female,15/10/2020,11,0,Spec,29/09/2020,Female,211,460,-27.46268333,153.0188333,0.053156146,28,301,0.093023256
Delilah,Female,15/10/2020,11,0,Spec,15/02/2021,Female,NA,NA,-27.46268333,153.0188333,0.053156146,28,301,0.093023256
Dodie,Female,17/09/2020,11,17.8,Lake,6/10/2020,Female,181,289,-27.46273333,153.01815,0.058823529,25,323,0.077399381
Dodie,Female,17/09/2020,11,17.8,Lake,28/07/2021,Female,201,225,-27.46273333,153.01815,0.058823529,25,323,0.077399381
Dodie,Female,17/09/2020,11,17.8,Lake,19/02/2021,Female,NA,NA,-27.46273333,153.01815,0.058823529,25,323,0.077399381
Dune,Female,15/10/2020,11,18,Lake,1/10/2020,Female,177,270,-27.46248333,153.018,0.054151625,14,277,0.050541516
Dune,Female,15/10/2020,11,18,Lake,23/02/2021,Female,NA,NA,-27.46248333,153.018,0.054151625,14,277,0.050541516
Eliana,Female,13/10/2020,11,16.8,Lake,5/10/2020,Female,167,158,-27.46241667,153.0174667,0.028497409,13,386,0.033678756
Eliana,Female,13/10/2020,11,16.8,Lake,18/02/2021,Female,NA,NA,-27.46241667,153.0174667,0.028497409,13,386,0.033678756
End,Male,4/06/2021,11,14.3,Spec,28/09/2020,Male,240,706,-27.46278333,153.0193333,0.087227414,35,321,0.109034268
End,Male,22/10/2020,11,18.2,Spec,28/09/2020,Male,240,706,-27.4628,153.0193333,0.087227414,35,321,0.109034268
End,Male,4/06/2021,11,14.3,Spec,15/02/2021,Male,NA,NA,-27.46278333,153.0193333,0.087227414,35,321,0.109034268
End,Male,22/10/2020,11,18.2,Spec,15/02/2021,Male,NA,NA,-27.4628,153.0193333,0.087227414,35,321,0.109034268
Erin,Female,11/02/2021,11,40.9,Spec,17/02/2021,Female,NA,NA,-27.46281667,153.0194167,0.070362473,37,469,0.078891258
Erin,Female,11/02/2021,11,40.9,Spec,8/10/2020,Female,NA,330,-27.46281667,153.0194167,0.070362473,37,469,0.078891258
Everett,Male,15/10/2020,11,14.8,Spec,30/09/2020,Male,234,778,-27.46255,153.0189167,0.039716312,43,705,0.060992908
Everett,Male,15/10/2020,11,14.8,Spec,28/07/2021,Male,273,840,-27.46255,153.0189167,0.039716312,43,705,0.060992908
Everett,Male,15/10/2020,11,14.8,Spec,15/02/2021,Male,NA,NA,-27.46255,153.0189167,0.039716312,43,705,0.060992908
Finn,Male,13/10/2020,11,17.6,Lake,1/10/2020,Male,239,696,-27.46245,153.01725,0.003527337,7,567,0.012345679
Finn,Male,13/10/2020,11,17.6,Lake,18/02/2021,Male,NA,NA,-27.46245,153.01725,0.003527337,7,567,0.012345679
Flea,Male,13/10/2020,11,40.9,Lake,29/09/2020,Male,229,656,-27.46256667,153.01815,0.055172414,27,435,0.062068966
Flea,Male,13/10/2020,11,40.9,Lake,16/02/2021,Male,NA,NA,-27.46256667,153.01815,0.055172414,27,435,0.062068966
Grey,Female,11/02/2021,11,0,Spec,28/09/2020,Female,202,268,-27.46308333,153.01935,0.050531915,22,376,0.058510638
Grey,Female,11/02/2021,11,0,Spec,15/02/2021,Female,NA,NA,-27.46308333,153.01935,0.050531915,22,376,0.058510638
Hercules,Male,15/10/2020,11,39.8,Lake,1/10/2020,Male,247,740,-27.46226667,153.0174333,0.022413793,31,580,0.053448276
Hercules,Male,15/10/2020,11,39.8,Lake,19/02/2021,Male,NA,NA,-27.46226667,153.0174333,0.022413793,31,580,0.053448276
Juno,Female,21/06/2021,11,18,Spec,29/09/2020,Female,200,306,-27.46283333,153.0193667,0.047244094,25,508,0.049212598
Juno,Female,15/10/2020,11,41.7,Pground,29/09/2020,Female,200,306,-27.46241667,153.0194667,0.047244094,25,508,0.049212598
Juno,Female,21/06/2021,11,18,Spec,28/07/2021,Female,350,390,-27.46283333,153.0193667,0.047244094,25,508,0.049212598
Juno,Female,15/10/2020,11,41.7,Pground,28/07/2021,Female,350,390,-27.46241667,153.0194667,0.047244094,25,508,0.049212598
Juno,Female,21/06/2021,11,18,Spec,15/02/2021,Female,NA,NA,-27.46283333,153.0193667,0.047244094,25,508,0.049212598
Juno,Female,15/10/2020,11,41.7,Pground,15/02/2021,Female,NA,NA,-27.46241667,153.0194667,0.047244094,25,508,0.049212598
Lilo,Female,8/09/2020,11,18.3,Spec,8/10/2020,Female,177,255,-27.46285,153.01895,0.058451817,30,633,0.047393365
Logan,Male,17/09/2020,11,16.8,Spec,29/09/2020,Male,220,462,-27.46286667,153.0191,0.045945946,49,1110,0.044144144
Logan,Male,17/09/2020,11,16.8,Spec,15/02/2021,Male,NA,NA,-27.46286667,153.0191,0.045945946,49,1110,0.044144144
Lucario,Male,4/11/2020,11,0,Spec,1/10/2020,Male,256,714,-27.463,153.0190667,0.067391304,36,460,0.07826087
Lucario,Male,4/11/2020,11,0,Spec,15/02/2021,Male,NA,NA,-27.463,153.0190667,0.067391304,36,460,0.07826087
Magnolia,Male,15/10/2020,11,11.3,Rforest,1/10/2020,Male,232,674,-27.46225,153.0171167,0.028208745,21,709,0.029619182
Magnolia,Male,15/10/2020,11,11.3,Rforest,17/02/2021,Male,NA,NA,-27.46225,153.0171167,0.028208745,21,709,0.029619182
Mess,Female,13/10/2020,11,18,Lake,17/02/2021,Female,NA,NA,-27.4623,153.0174667,0.043478261,16,322,0.049689441
Mika,Male,4/12/2020,11,748,Rforest,17/02/2021,Male,NA,NA,-27.46246667,153.0168333,0.006134969,8,815,0.009815951
Minerva,Female,20/10/2020,11,39.8,Spec,8/10/2020,Female,192,305,-27.4628,153.0189667,0.077966102,25,295,0.084745763
Minerva,Female,20/10/2020,11,39.8,Spec,17/02/2021,Female,NA,NA,-27.4628,153.0189667,0.077966102,25,295,0.084745763
Mystery,Female,15/10/2020,11,15.9,Lake,1/10/2020,Female,200,326,-27.46216667,153.0175167,0.037681159,13,345,0.037681159
Mystery,Female,13/10/2020,11,18.1,Lake,1/10/2020,Female,200,326,-27.4622,153.0174333,0.037681159,13,345,0.037681159
Mystery,Female,15/10/2020,11,15.9,Lake,17/02/2021,Female,NA,NA,-27.46216667,153.0175167,0.037681159,13,345,0.037681159
Mystery,Female,13/10/2020,11,18.1,Lake,17/02/2021,Female,NA,NA,-27.4622,153.0174333,0.037681159,13,345,0.037681159
Nessy,Female,13/10/2020,11,14.2,Lake,NA,NA,NA,NA,-27.4623,153.0172667,0.007949126,12,629,0.019077901
Olaf,Male,12/02/2021,11,45.3,Rforest,17/02/2021,Male,189,310,-27.46221667,153.01705,0.011887073,11,672,0.016369048
Orange,Male,4/09/2020,11,17.7,Spec,15/02/2021,Male,NA,NA,-27.46276667,153.0188167,0.01951952,31,1332,0.023273273
Otis,Male,4/03/2021,11,999,Pground,29/09/2020,Male,196,346,-27.46238333,153.0193833,0.023622047,30,762,0.039370079
Otis,Male,4/03/2021,11,999,Pground,16/02/2021,Male,NA,NA,-27.46238333,153.0193833,0.023622047,30,762,0.039370079
Percy,Female,15/10/2020,11,40.7,Spec,15/02/2021,Female,NA,NA,-27.4627,153.0192167,0.030645161,34,620,0.05483871
Pesto,Male,15/10/2020,11,15.4,Rforest,6/10/2020,Male,241,544,-27.46225,153.0169,0.00761035,11,657,0.01674277
Pesto,Male,22/09/2020,11,0,Rforest,6/10/2020,Male,241,544,-27.46226667,153.0169,0.00761035,11,657,0.01674277
Pesto,Male,8/09/2020,11,15.6,Rforest,6/10/2020,Male,241,544,-27.46225,153.0168333,0.00761035,11,657,0.01674277
Pistache,Male,13/10/2020,11,0,Spec,28/09/2020,Male,259,760,-27.46271667,153.0188833,0.059907834,32,434,0.073732719
Pistache,Male,13/10/2020,11,0,Spec,28/07/2021,Male,272,892,-27.46271667,153.0188833,0.059907834,32,434,0.073732719
Pistache,Male,13/10/2020,11,0,Spec,15/02/2021,Male,NA,NA,-27.46271667,153.0188833,0.059907834,32,434,0.073732719
Pixie,Female,4/06/2021,11,771,Spec,5/10/2020,Female,187,286,-27.46285,153.0189,0.064676617,39,402,0.097014925
Pixie,Female,4/06/2021,11,771,Spec,16/02/2021,Female,NA,NA,-27.46285,153.0189,0.064676617,39,402,0.097014925
Reptincel,Female,13/10/2020,11,0,Spec,6/10/2020,Female,165,158,-27.46303333,153.0192667,0.056097561,28,410,0.068292683
Reptincel,Female,17/09/2020,11,0,Spec,6/10/2020,Female,165,158,-27.46305,153.0192833,0.056097561,28,410,0.068292683
Reptincel,Female,13/10/2020,11,0,Spec,17/02/2021,Female,NA,NA,-27.46303333,153.0192667,0.056097561,28,410,0.068292683
Reptincel,Female,17/09/2020,11,0,Spec,17/02/2021,Female,NA,NA,-27.46305,153.0192833,0.056097561,28,410,0.068292683
Sardine,Female,13/10/2020,11,18.2,Lake,7/10/2020,Female,187,283,-27.46226667,153.0174333,0.03880597,13,335,0.03880597
Sardine,Female,13/10/2020,11,18.2,Lake,19/02/2021,Female,NA,NA,-27.46226667,153.0174333,0.03880597,13,335,0.03880597
Starlight,Male,21/06/2021,11,11.6,Spec,5/10/2020,Male,217,660,-27.46268333,153.0193833,0.028795812,28,764,0.036649215
Starlight,Male,21/06/2021,11,11.6,Spec,16/02/2021,Male,NA,NA,-27.46268333,153.0193833,0.028795812,28,764,0.036649215
Supergirl,Female,4/06/2021,11,0,Spec,30/09/2020,Female,170,286,-27.46288333,153.0191667,0.038304808,43,1227,0.035044825
Supergirl,Female,4/06/2021,11,0,Spec,19/02/2021,Female,NA,NA,-27.46288333,153.0191667,0.038304808,43,1227,0.035044825
Sushi,Male,20/10/2020,11,44.4,Spec,30/09/2020,Male,246,752,-27.46275,153.01895,0.038071066,26,394,0.065989848
Sushi,Male,20/10/2020,11,44.4,Spec,28/07/2021,Male,265,840,-27.46275,153.01895,0.038071066,26,394,0.065989848
Sushi,Male,20/10/2020,11,44.4,Spec,15/02/2021,Male,NA,NA,-27.46275,153.01895,0.038071066,26,394,0.065989848
Sylvester,Male,15/10/2020,11,12.6,Rforest,1/10/2020,Male,222,586,-27.46186667,153.01705,0.005825243,3,515,0.005825243
Teatree,Male,4/06/2021,11,11.4,Spec,30/09/2020,Male,243,746,-27.46268333,153.0193333,0.057894737,26,380,0.068421053
Teatree,Male,26/05/2021,11,12.3,Spec,30/09/2020,Male,243,746,-27.46268333,153.01935,0.057894737,26,380,0.068421053
Teatree,Male,4/06/2021,11,11.4,Spec,15/02/2021,Male,NA,NA,-27.46268333,153.0193333,0.057894737,26,380,0.068421053
Teatree,Male,26/05/2021,11,12.3,Spec,15/02/2021,Male,NA,NA,-27.46268333,153.01935,0.057894737,26,380,0.068421053
Thing,Female,8/09/2020,11,16.7,Lake,2/10/2020,Female,185,296,-27.46265,153.0181167,0.071428571,23,308,0.074675325
Thing,Female,8/09/2020,11,16.7,Lake,25/02/2021,Female,NA,NA,-27.46265,153.0181167,0.071428571,23,308,0.074675325
Tizem,Male,20/10/2020,11,16.9,Lake,7/10/2020,Male,187,255,-27.4624,153.0174833,0.03125,13,352,0.036931818
Tizem,Male,20/10/2020,11,16.9,Lake,17/02/2021,Male,NA,NA,-27.4624,153.0174833,0.03125,13,352,0.036931818
Twistie,Female,18/11/2020,11,0,Pground,30/09/2020,Female,194,284,-27.46218333,153.0188833,0.011869436,5,337,0.014836795
Twistie,Female,18/11/2020,11,0,Pground,19/02/2021,Female,NA,NA,-27.46218333,153.0188833,0.011869436,5,337,0.014836795
Uhura,Female,20/10/2020,11,17.8,Lake,6/10/2020,Female,183,280,-27.46258333,153.01815,0.064516129,23,341,0.06744868
Uhura,Female,20/10/2020,11,17.8,Lake,23/02/2021,Female,NA,NA,-27.46258333,153.01815,0.064516129,23,341,0.06744868
Worm,Female,30/10/2020,11,0,Arid,7/10/2020,Female,169,205,-27.4625,153.0183333,0.037623762,21,505,0.041584158
Worm,Female,30/10/2020,11,0,Arid,23/02/2021,Female,NA,NA,-27.4625,153.0183333,0.037623762,21,505,0.041584158
Zedd,Female,13/10/2020,11,0,Arid,16/02/2021,Female,NA,NA,-27.462283330000002,153.018,0.044585987,24,314,0.076433121
Zod,Male,26/01/2021,11,49.5,Arid,29/09/2020,Male,259,702,-27.46205,153.0185167,0.006811989,20,734,0.027247956
Zod,Male,18/12/2020,11,40.6,Arid,29/09/2020,Male,259,702,-27.46201667,153.0185167,0.006811989,20,734,0.027247956
Barron,Male,14/02/2013,3,37.2,Broms,11/03/2013,Male,291,1100,-27.46273333,153.0195333,0.018791946,13,745,0.017449664
Bongo,Male,11/02/2013,3,37.4,Spec,14/03/2013,Male,252,700,-27.46291667,153.0188667,0.037383178,18,321,0.056074766
Bongo,Male,10/12/2012,3,20.5,Spec,14/03/2013,Male,252,700,-27.46283333,153.01875,0.037383178,18,321,0.056074766
Dumpling,Male,7/12/2012,3,20.4,Broms,11/03/2013,Male,260,750,-27.46263333,153.0193167,0.018934911,14,845,0.016568047
Felix,Male,14/02/2013,3,38.7,Broms,14/03/2013,Male,269,800,-27.46273333,153.0195167,0.013669821,27,951,0.028391167
Felix,Male,14/02/2013,3,38.7,Broms,22/08/2012,Male,NA,NA,-27.46273333,153.0195167,0.013669821,27,951,0.028391167
Holly,Female,23/03/2013,3,39.4,Lake,NA,NA,NA,NA,-27.46236667,153.0179667,0.017391304,17,345,0.049275362
Jack,Male,10/12/2012,3,21,Broms,29/08/2012,Male,NA,NA,-27.46281667,153.0194167,0.015761821,9,571,0.015761821
Jack,Male,10/12/2012,3,21,Broms,22/08/2012,Male,NA,NA,-27.46281667,153.0194167,0.015761821,9,571,0.015761821
Jack,Male,10/12/2012,3,21,Broms,20/08/2012,Male,NA,NA,-27.46281667,153.0194167,0.015761821,9,571,0.015761821
Lars,Male,18/09/2012,3,12.3,Lake,15/03/2013,Male,248,925,-27.4626,153.0179667,0.02244389,11,401,0.027431421
Lars,Male,18/09/2012,3,12.3,Lake,24/08/2012,Male,263,850,-27.4626,153.0179667,0.02244389,11,401,0.027431421
Laurent,Male,23/03/2013,3,39,Arid,22/08/2012,Male,254,850,-27.4623,153.0183,0.007733952,10,1293,0.007733952
Laurent,Male,9/03/2013,3,21.4,Lake,22/08/2012,Male,254,850,-27.46238333,153.0178333,0.007733952,10,1293,0.007733952
Laurent,Male,10/12/2012,3,21.2,Lake,22/08/2012,Male,254,850,-27.4625,153.0180167,0.007733952,10,1293,0.007733952
Laurent,Male,23/03/2013,3,39,Arid,13/03/2013,Male,266,875,-27.4623,153.0183,0.007733952,10,1293,0.007733952
Laurent,Male,9/03/2013,3,21.4,Lake,13/03/2013,Male,266,875,-27.46238333,153.0178333,0.007733952,10,1293,0.007733952
Laurent,Male,10/12/2012,3,21.2,Lake,13/03/2013,Male,266,875,-27.4625,153.0180167,0.007733952,10,1293,0.007733952
Meaty,Male,14/01/2013,3,2828.4,BBabs,20/08/2012,Male,NA,NA,-27.46196667,153.0177167,0.015521064,9,451,0.019955654
Mojo,Male,5/09/2012,3,19.1,Rforest,14/03/2013,Male,252,950,-27.4624,153.0175833,0.00952381,5,420,0.011904762
Mojo,Male,5/09/2012,3,19.1,Rforest,7/03/2013,Male,269,950,-27.4624,153.0175833,0.00952381,5,420,0.011904762
Mojo,Male,5/09/2012,3,19.1,Rforest,24/08/2012,Male,NA,NA,-27.4624,153.0175833,0.00952381,5,420,0.011904762
Paqueratte,Female,24/03/2013,3,37.7,BBabs,29/08/2012,Female,205,425,-27.46195,153.0175833,0.024096386,11,332,0.03313253
Regis,Male,23/03/2013,3,37.1,Pground,18/03/2013,Male,253,910,-27.46238333,153.01915,0.017262639,28,811,0.034525277
Roasty,Male,9/03/2013,3,20.9,Lake,NA,NA,NA,NA,-27.46253333,153.0181,0.026378897,15,417,0.035971223
Scarface,Male,29/03/2013,3,40.4,BBabs,NA,NA,NA,NA,-27.46188333,153.0174333,0.010638298,8,470,0.017021277
Scarface,Male,11/09/2012,3,38.8,BBabs,NA,NA,NA,NA,-27.46181667,153.0173333,0.010638298,8,470,0.017021277
Seb,Male,7/12/2012,3,21.2,Spec,7/03/2013,Male,230,775,-27.4629,153.0190333,0.035040431,14,371,0.037735849
Tawney,Male,10/12/2012,3,21.3,Spec,8/03/2013,Male,258,825,-27.46278333,153.0189833,0.049145299,29,468,0.061965812
Tawney,Male,10/12/2012,3,21.3,Spec,20/08/2012,Male,NA,NA,-27.46278333,153.0189833,0.049145299,29,468,0.061965812
Tim,Male,11/09/2012,3,39.1,Broms,12/03/2013,Male,255,750,-27.46275,153.01975,0.006779661,10,590,0.016949153
Albert,Male,6/11/2013,4,38.3,Spec,5/12/2013,Male,270,850,-27.46253333,153.01895,0.002254791,2,887,0.002254791
Albert,Male,28/10/2013,4,18.1,Spec,5/12/2013,Male,270,850,-27.46261667,153.0193,0.002254791,2,887,0.002254791
Ishy,Male,11/11/2013,4,3232.6,Lake,23/10/2013,Male,269,940,-27.46268333,153.0181667,0.013215859,6,454,0.013215859
Karin,Female,2/12/2013,4,7348,Lake,23/10/2013,Female,210,425,-27.4627,153.0182167,0.015873016,6,378,0.015873016
Karin,Female,2/12/2013,4,7348,Lake,6/12/2013,Female,217,430,-27.4627,153.0182167,0.015873016,6,378,0.015873016
Magnum,Male,28/10/2013,4,21.3,Spec,10/10/2013,Male,250,900,-27.46261667,153.0192833,0.005928854,2,506,0.003952569
Magnum,Male,21/10/2013,4,21.3,Spec,10/10/2013,Male,250,900,-27.4627,153.0191833,0.005928854,2,506,0.003952569
Peaches,Female,28/10/2013,4,21.2,Rforest,6/12/2013,Female,194,375,-27.46233333,153.01755,0.002785515,1,359,0.002785515
Arnold,Male,26/03/2015,5,21,Spec,NA,NA,NA,NA,-27.46288333,153.0192333,0.032967033,25,546,0.045787546
Arnold,Male,4/11/2014,5,40.1,Spec,NA,NA,NA,NA,-27.46295,153.0190333,0.032967033,25,546,0.045787546
Arnold,Male,20/10/2014,5,20.7,Spec,NA,NA,NA,NA,-27.46303333,153.0191167,0.032967033,25,546,0.045787546
Barron,Male,20/04/2015,5,20.3,Spec,NA,NA,NA,NA,-27.46276667,153.0193833,0.01369863,25,803,0.03113325
Beans,Female,7/11/2014,5,18.4,Rforest,14/04/2015,Female,199,495,-27.46201667,153.0173333,0.016853933,11,356,0.030898876
Bongo,Male,4/10/2014,5,20.3,Spec,7/04/2015,Male,266,800,-27.46288333,153.0192167,0.017964072,37,1670,0.022155689
Bub,Male,22/10/2014,5,19,Rforest,NA,NA,NA,NA,-27.46195,153.0171167,0.009160305,5,655,0.007633588
Cameron,Male,12/02/2015,5,20.2,Pground,NA,NA,NA,NA,-27.46218333,153.0188333,0.00621118,16,966,0.016563147
Cole,Male,20/04/2015,5,19.3,Spec,7/04/2015,Male,261,900,-27.46295,153.0192167,0.017175573,33,1048,0.03148855
Dan,Male,17/04/2015,5,20.6,Spec,NA,NA,NA,NA,-27.46265,153.0194,0.01863354,16,644,0.02484472
Dan,Male,18/02/2015,5,21,Spec,NA,NA,NA,NA,-27.4626,153.0192833,0.01863354,16,644,0.02484472
Evi,Female,5/02/2015,5,20.7,Spec,7/04/2015,Female,181,345,-27.46306667,153.0194333,0.022792023,24,702,0.034188034
Fern,Female,23/10/2014,5,39.7,Broms,NA,NA,NA,NA,-27.46245,153.0197833,0.015184382,8,461,0.017353579
Francine,Female,9/03/2015,5,287,Lake,NA,NA,NA,NA,-27.46273333,153.0182833,0.016233766,8,308,0.025974026
Francine,Female,11/02/2015,5,20.6,Lake,NA,NA,NA,NA,-27.46271667,153.0182333,0.016233766,8,308,0.025974026
Gaga,Male,7/11/2014,5,20.9,Rforest,NA,NA,NA,NA,-27.46193333,153.0177667,0.00933126,6,644,0.00931677
Ishy,Male,4/11/2014,5,335,Lake,NA,NA,NA,NA,-27.4625,153.0180667,0.010165184,10,787,0.01270648
Karin,Female,20/10/2014,5,39.7,Lake,NA,NA,NA,NA,-27.4626,153.01815,0.018817204,12,373,0.032171582
Kelvin,Male,26/02/2015,5,39.2,Spec,NA,NA,NA,NA,-27.4626,153.0189667,0.012594458,15,397,0.037783375
Lima,Female,11/03/2015,5,39.9,Spec,NA,NA,NA,NA,-27.46303333,153.01905,0.04,20,375,0.053333333
Lima,Female,11/02/2015,5,18.1,Spec,NA,NA,NA,NA,-27.46291667,153.01905,0.04,20,375,0.053333333
Marcos,Male,11/02/2015,5,19.3,Lake,NA,NA,NA,NA,-27.46226667,153.0174333,0.021021021,21,666,0.031531532
Mercy,Female,5/11/2014,5,19.8,Lake,NA,NA,NA,NA,-27.46248333,153.0180167,0.020618557,9,388,0.023195876
Millie,Female,11/02/2015,5,20.6,Spec,NA,NA,NA,NA,-27.46283333,153.0189167,0.038690476,11,336,0.032738095
Nigella,Female,16/04/2015,5,2701,Spec,NA,NA,NA,NA,-27.46303333,153.0190333,0.013357078999999999,19,1123,0.016918967
Patrick,Male,4/11/2014,5,40.2,Spec,NA,NA,NA,NA,-27.46291667,153.019,0.035928144,11,334,0.032934132
Peaches,Female,7/11/2014,5,20.1,Lake,NA,NA,NA,NA,-27.4623,153.01745,0.033444816,10,299,0.033444816
Peaches,Female,4/10/2014,5,20.4,Lake,NA,NA,NA,NA,-27.462283330000002,153.01745,0.033444816,10,299,0.033444816
Peanut,Male,16/10/2014,5,20.3,Broms,NA,NA,NA,NA,-27.46313333,153.01985,0.008689356,11,1381,0.007965243
Porridge,Male,25/11/2014,5,39.1,Broms,NA,NA,NA,NA,-27.4629,153.0197167,0.026745914,20,673,0.029717682
Puppet,Male,30/11/2014,5,39.8,BBabs,NA,NA,NA,NA,-27.46226667,153.018,0.005785921,7,1037,0.006750241
Ripper,Male,25/11/2014,5,20.5,Broms,NA,NA,NA,NA,-27.46268333,153.02,0.014773777,14,1083,0.012927054
Seb,Male,2/09/2014,5,38.8,Spec,NA,NA,NA,NA,-27.46296667,153.01905,0.032634033,19,429,0.044289044
Spears,Female,22/09/2014,5,20.5,Pground,NA,NA,NA,NA,-27.46255,153.01965,0.02688172,14,372,0.037634409
Tyler,Male,7/11/2014,5,20.1,Rforest,NA,NA,NA,NA,-27.46218333,153.0173833,0.032338308,11,402,0.027363184
Xavier,Male,20/04/2015,5,19.4,Spec,NA,NA,NA,NA,-27.46285,153.01895,0.011737089,9,426,0.021126761
Batsy,Male,19/09/2022,13,14.7,Lake,17/04/2023,Male,240,920,-27.46268333,153.0181333,0.061538462,24,325,0.073846154
Batsy,Male,19/09/2022,13,14.7,Lake,14/11/2022,Male,255,830,-27.46268333,153.0181333,0.061538462,24,325,0.073846154
Bulma,Female,10/09/2022,13,782,Spec,15/11/2022,Female,169,320,-27.46305,153.0192833,0.041269841,23,315,0.073015873
Bulma,Female,10/09/2022,13,782,Spec,13/04/2023,Female,290,320,-27.46305,153.0192833,0.041269841,23,315,0.073015873
Chenille,Male,12/09/2022,13,14,Lake,18/11/2022,Male,243,860,-27.4627,153.0179667,0.019160584,35,1192,0.029362416
Cozmo,Male,4/10/2022,13,14,Spec,13/04/2023,Male,230,700,-27.46281667,153.0192167,0.034136546,24,502,0.047808765
Cozmo,Male,15/09/2022,13,15.5,Lake,13/04/2023,Male,230,700,-27.46285,153.01845,0.034136546,24,502,0.047808765
Cozmo,Male,4/10/2022,13,14,Spec,14/11/2022,Male,240,680,-27.46281667,153.0192167,0.034136546,24,502,0.047808765
Cozmo,Male,15/09/2022,13,15.5,Lake,14/11/2022,Male,240,680,-27.46285,153.01845,0.034136546,24,502,0.047808765
Deathlock,Male,19/09/2022,13,14.5,Spec,14/11/2022,Male,255,740,-27.46273333,153.01935,0.019077901,15,632,0.023734177
Deathlock,Male,4/09/2022,13,9439,Spec,14/11/2022,Male,255,740,-27.46283333,153.0193667,0.019077901,15,632,0.023734177
Deathlock,Male,19/09/2022,13,14.5,Spec,13/04/2023,Male,270,780,-27.46273333,153.01935,0.019077901,15,632,0.023734177
Deathlock,Male,4/09/2022,13,9439,Spec,13/04/2023,Male,270,780,-27.46283333,153.0193667,0.019077901,15,632,0.023734177
December,Male,26/09/2022,13,15.2,Lake,14/11/2022,Male,252,800,-27.46258333,153.0181333,0.050480769,27,427,0.06323185
December,Male,11/09/2022,13,15.2,Lake,14/11/2022,Male,252,800,-27.46238333,153.0178333,0.050480769,27,427,0.06323185
Eliana,Female,12/09/2022,13,16.2,Lake,24/04/2023,Female,170,280,-27.46233333,153.0175833,0.022113022,11,369,0.029810298
Eliana,Female,12/09/2022,13,16.2,Lake,16/11/2022,Female,190,260,-27.46233333,153.0175833,0.022113022,11,369,0.029810298
End,Male,27/10/2022,13,11,Spec,14/11/2022,Male,255,200,-27.4628,153.0193333,0.05370844,26,391,0.066496164
End,Male,27/10/2022,13,11,Spec,13/04/2023,Male,260,620,-27.4628,153.0193333,0.05370844,26,391,0.066496164
Fitza,Female,5/08/2022,13,773,Spec,18/11/2022,Female,175,280,-27.46288333,153.0194667,0.019911504,20,422,0.047393365
Flea,Male,23/09/2022,13,16,Lake,24/04/2023,Male,230,660,-27.46263333,153.01815,0.048387097,24,440,0.054545455
Flea,Male,23/09/2022,13,16,Lake,14/11/2022,Male,255,700,-27.46263333,153.01815,0.048387097,24,440,0.054545455
Glordarina,Female,17/02/2023,13,16.1,Lake,15/11/2022,Female,185,390,-27.46238333,153.0179333,0.040752351,17,315,0.053968254
Glordarina,Female,17/02/2023,13,16.1,Lake,17/04/2023,Female,198,360,-27.46238333,153.0179333,0.040752351,17,315,0.053968254
Goblin,Female,1/03/2023,13,39.2,Spec,15/11/2022,Female,205,560,-27.46286667,153.0194167,0.034161491,12,312,0.038461538
Goblin,Female,1/03/2023,13,39.2,Spec,17/04/2023,Female,220,620,-27.46286667,153.0194167,0.034161491,12,312,0.038461538
Hazelnut,Female,22/02/2023,13,15.5,Spec,24/04/2023,Female,198,250,-27.4624,153.01865,0.015748031,4,255,0.015686275
Logan,Male,4/10/2022,13,8.5,Spec,15/11/2022,Male,250,690,-27.46281667,153.0192333,0.025293586,35,1118,0.031305903
Minnie,Female,15/09/2022,13,15.4,Spec,14/11/2022,Female,175,300,-27.463,153.0190667,0.0562249,8,249,0.032128514
Minnie,Female,15/09/2022,13,15.4,Spec,14/04/2023,Female,200,320,-27.463,153.0190667,0.0562249,8,249,0.032128514
Moose,Male,25/01/2023,13,264,Lake,14/04/2023,Male,215,470,-27.46256667,153.0181,0.072463768,22,285,0.077192982
Moose,Male,25/01/2023,13,264,Lake,15/11/2022,Male,230,480,-27.46256667,153.0181,0.072463768,22,285,0.077192982
Saki,Male,23/09/2022,13,15.9,Lake,14/11/2022,Male,200,NA,-27.46271667,153.0181333,0.05952381,23,336,0.068452381
Saki,Male,23/09/2022,13,15.9,Lake,14/04/2023,Male,240,650,-27.46271667,153.0181333,0.05952381,23,336,0.068452381
Sandwich,Female,10/10/2022,13,15.5,Lake,16/11/2022,Female,180,280,-27.46268333,153.0182,0.070921986,24,292,0.082191781
Sandwich,Female,10/10/2022,13,15.5,Lake,17/04/2023,Female,187,360,-27.46268333,153.0182,0.070921986,24,292,0.082191781
Shelton,Male,5/09/2022,13,13.1,Spec,14/11/2022,Male,205,240,-27.4627,153.0186167,0.03649635,17,274,0.062043796
Sprinkles,Male,5/12/2022,13,40.2,Spec,15/11/2022,Male,238,493,-27.46266667,153.0189833,0.022973835,41,1511,0.027134348
Vision,Male,15/09/2022,13,12.7,Lake,16/11/2022,Male,270,890,-27.46285,153.0191833,0.015317287,30,466,0.064377682
Waller,Male,26/09/2022,13,220,Lake,NA,NA,NA,NA,-27.46236667,153.0174333,0.018957346,8,633,0.012638231
Wendy,Female,15/09/2022,13,16,Lake,21/11/2022,Female,180,360,-27.46285,153.0183,0.03125,16,285,0.056140351
Wendy,Female,15/09/2022,13,16,Lake,14/04/2023,Female,199,380,-27.46285,153.0183,0.03125,16,285,0.056140351
